mention,wp_title,cosine
"<3

Giuseppe Masala",Francesco Masala,0.8496316
"<3

Giuseppe Masala",K'akhaber K'aladze,0.771387
"<3

Giuseppe Masala",Alessandro Costacurta,0.8221636
"<3

Giuseppe Masala",Giuseppe Brotzu,0.86005604
"<3

Giuseppe Masala",Denzel Washington,0.7540487
"<3

Giuseppe Masala",Adriano Leite Ribeiro,0.781824
"ADESSO ❓

Ora",Eckhart Tolle,0.78383976
AGOSTO 2022,Khvicha Kvaratskhelia,0.74840665
AUGUSTO SINAGRA:,Felice Battaglia,0.8240638
AUGUSTO SINAGRA:,Giuseppe Giulietti (sindacalista),0.8786351
AUGUSTO SINAGRA:,Tea Falco,0.804202
AUGUSTO SINAGRA:,Paolo Borsellino,0.82699597
AUGUSTO SINAGRA:,Ernesto Lama,0.84707797
Ada Lovelace,Ada Lovelace,1.0000002
Ada Lovelace,George Gordon Byron,0.80841017
Ada Lovelace,Anne Isabella Milbanke,0.8245336
Agamben,Giorgio Agamben,0.95710194
Agamben,Maria Federici,0.7788402
Agamben,Ginevra Bompiani,0.7703048
Agamben,Walter Benjamin,0.80134284
Agamben,Elsa Morante,0.7918237
Agamben,Donatella Di Cesare,0.7677505
Agamben,Massimo Cacciari,0.7838252
Aldrin,Buzz Aldrin,0.96671796
Aldrin,Neil Armstrong,0.79269093
Aldrin,Michael Collins (astronauta),0.78634787
Aldrin,Alyson Hannigan,0.81487036
Aleksandr Dugin,Aleksandr Gel'evič Dugin,0.9126591
Aleksandr Dugin,Ėduard Limonov,0.85128665
Aleksandr Zakharchenko,Aleksandr Zacharčenko,0.9117802
Alessandro Sieni,Sandro Botticelli,0.80273557
Alessandro Sieni,Alessandro Leogrande,0.8653738
Alessandro Sieni,Nada (cantante),0.7761373
Alessandro Sieni,Felice Cappa,0.8328143
Alessia,Alessia Marcuzzi,0.9309326
Alessia,Alessia Morani,0.9269398
Alessia,Alessia Mancini,0.9329083
Alessia,Alessia Merz,0.9385799
Alessia,Alessia Ventura,0.92950225
Alessia,Alessia Amendola,0.91766644
Alessia,Alessia Orro,0.9038711
Alessia,Alessia Reato,0.9404585
Alessia,Alessia Gennari,0.94318545
Alex Lourie,Boris Pasternak,0.79375196
Alex Lourie,Charles Herbert,0.83339965
Alex Zanotelli,Alex Zanotelli,0.99999994
Alex Zanotelli,Mimmo Lucano,0.8805312
Alex Zanotelli,Erri De Luca,0.81749374
Alex Zanotelli,Donatella Di Cesare,0.838711
Alexander Dugin,Aleksandr Gel'evič Dugin,0.88459295
Alexander Dugin,Steve Bannon,0.8243415
Alexander Dugin,Richard B. Spencer,0.81560206
Alice Bailey,Alice Bailey,1.0000002
Alice Bailey,Laura Bailey,0.94851327
Alvise Zaccherini,Giancarlo Susini,0.84230554
Amato,Giuliano Amato,0.9249547
Amato,Mario Amato,0.91360015
Amato,Gaetano Amato,0.92587924
Amato,Giuseppe Amato,0.93209267
Amato,Stefano Amato,0.9429484
Amministrazione Biden,Joe Biden,0.8530084
Amministrazione Biden,Hunter Biden,0.8551184
Amministrazione Biden,Jill Biden,0.8541672
Amministrazione Biden,Victoria Nuland,0.81399095
Amministrazione Biden,Antony Blinken,0.78597283
Amministrazione Biden,Rachel Levine,0.81928873
Amministrazione Biden,Jen Psaki,0.758898
Amministrazione Biden,William Joseph Burns,0.8096241
Andersson,Kennet Andersson,0.8919648
Andersson,Benny Andersson,0.89712465
Andersson,Magdalena Andersson,0.9121668
Andersson,Daniel Andersson,0.9105154
Andersson,Roy Andersson (regista),0.84769905
Andersson,Bibi Andersson,0.89231515
Andersson,Fever Ray,0.869605
Andersson,Patrik Andersson,0.92008924
Andersson,Janne Andersson,0.86300063
Andre Geim,Andrej Gejm,0.89916193
Andrea Costa,Andrea Costa,1.0
Andrea Costa,Andrea Costa (calciatore),0.92072177
Andrea Costa,Andrea Costa (politico 1970),0.9009233
Andrea Costa,Jair da Costa,0.8683547
Andrea Costa,Andrea Costa (violinista),0.9155009
Andrea Costa,Anna Kuliscioff,0.80905426
Andrea Crisanti,Andrea Crisanti (medico),0.9300855
Andrea Crisanti,Andrea Crisanti (scenografo),0.93508756
Andrea Grignolio,Giuseppe Levi,0.8468472
Andrea Grignolio,Margherita Di Rauso,0.86699826
Andrea Grignolio,Federico Taddia,0.83581567
Andrea Grignolio,Elena Cattaneo,0.84739447
Andrea Grignolio,Renato Dulbecco,0.86323524
Andrea Grignolio,Giuseppe Garibaldi,0.83659816
Andrea Zhok,Peter Handke,0.85988665
Andrea Zhok,Beppe Grillo,0.7885413
Andrew Wakefield,Andrew Wakefield,0.9999997
Andrew Wakefield,Elle Macpherson,0.8138658
Andrews,Julie Andrews,0.89094
Andrews,Naveen Andrews,0.8266767
Andrews,Andrew Andrews,0.8966677
Andrews,Thomas Andrews (ingegnere),0.83936155
Angela Merkel,Angela Merkel,1.0000002
Angela Merkel,Olaf Scholz,0.8334479
Angela Merkel,Ursula von der Leyen,0.8153076
Angela Merkel,Frank-Walter Steinmeier,0.84109056
Angela Merkel,Francesca Manzini,0.89057124
Angela Merkel,Angelina Jolie,0.8655523
Angela Merkel,Wolfgang Schäuble,0.89057523
Annalisa Tardino,Annalisa Tardino,0.9999999
Annalisa Tardino,Isabella Tovaglieri,0.83931077
Annibale,Annibale,0.9999999
Annibale,Annibale Carracci,0.8550428
Annibale,Annibale Caro,0.94483054
Annibale,Annibale Ruccello,0.83378845
Annibale,Annibale Ninchi,0.8455733
Anon,Andrew Niccol,0.82811654
Anon,Amanda Seyfried,0.8526999
Anon,Anon Sangsanoi,0.8334631
Anthony Fauci,Anthony Fauci,0.9999996
Anthony Fauci,Klaus Schwab,0.8390893
Anthony Fauci,Glenn Close,0.87572575
Anthony Fauci,Lara Logan,0.90900975
Antonietta Gatti,Beppe Grillo,0.83690596
Antonietta Gatti,Antonella Lualdi,0.86312103
Antonietta Gatti,Nietta Zocchi,0.8134843
Antonietta Gatti,Giuseppe Gatti Casazza,0.8970236
Antonio Buzzi,Antonio Buzzi,1.0
Antonio Buzzi,Pietro Buzzi,0.9691129
Antonio Buzzi,Luigi Buzzi,0.96453774
Antonio Buzzi,Costanza Rovelli,0.8829224
Antonio Guterres,António Guterres,0.99999976
Antonio Guterres,Antonio Segni,0.8636092
Antonio Guterres,António Costa,0.86671734
Antonio Guterres,António de Oliveira Salazar,0.85796124
Antony Fauci,Cesario di Terracina,0.81655276
Antony Fauci,Martin Gilbert,0.89468485
Antony Fauci,Sydney Brenner,0.79968727
António Guterres,António Guterres,0.99999976
António Guterres,António Costa,0.86671734
António Guterres,António de Oliveira Salazar,0.85796124
António Guterres,Elisa Ferreira,0.8367577
António Guterres,Antonio Segni,0.8636092
António Guterres,Angela Merkel,0.8139951
Armando Siri,Armando Siri,1.0
Armando Siri,Matteo Messina Denaro,0.84115565
Armando Siri,Paolo Arata,0.8592923
Armando Siri,Umberto Del Basso De Caro,0.8119018
Armando Siri,Simona Vicari,0.8818238
Artemis,Artemisia Gentileschi,0.8516017
Artemis,Artemisia I,0.8663158
Asch,Sholem Asch,0.9138027
Asch,Solomon Asch,0.9247782
Asch,Roland Asch,0.9524946
Asch,Hans Hellmut Kirst,0.84757155
Asch,Frank Asch,0.94530964
Asch,Peter Asch,0.9395944
Aspirina,Bruce Lee,0.80016726
Astrazeneca,Mario Draghi,0.83088684
Astrazeneca,Andrea Scanzi,0.80430484
Astrazeneca,Roberto Speranza,0.81709677
Attali,Jacques Attali,0.90818834
Attali,Attalo I,0.8137969
Attali,Yvan Attal,0.7823992
Attali,Gabriel Attal,0.8131128
Attali,Erieta Attali,0.85409796
Avevamo,Priscilla Presley,0.83376634
Avevamo,Norman Schwarzkopf,0.76729786
Avevamo,Francesco Brandi,0.8725431
Avvertiamo,Richard Wagner,0.8313823
Avvertiamo,Franco Basaglia,0.8536515
Avvertiamo,Carlo Azeglio Ciampi,0.7688869
Avvertiamo,Nicola Cusano,0.84773934
Azzolina,Lucia Azzolina,0.95639
Azzolina,Gaetano Azzolina,0.9470179
Azzolina,Lauro Azzolini,0.8609254
Azzolina,Pasquale Azzolina,0.95903677
Azzolina,Angelo Azzolina,0.95794946
Azzolina,Decio Azzolino il Giovane,0.8779663
Azzolina,Vincenzo Azzolini,0.88204664
Azzolina,Antonio Monda,0.8579726
B.,B.B. King,0.9415281
B. Johnson,Lyndon B. Johnson,0.95456594
B. Johnson,Andrew Johnson,0.8421652
B. Johnson,Bryan Cranston,0.7740551
B. Johnson,Magic Johnson,0.83900934
B. Johnson,Lady Bird Johnson,0.84049326
Balboni,Alberto Balboni,0.9482088
Balboni,Valentino Balboni,0.9271602
Balboni,Paolo Balboni,0.9508084
Balboni,Claudia Balboni,0.9431082
Balboni,Marco Balboni,0.9473147
Balboni,Luisa Gallotti Balboni,0.91675335
Balboni,Giorgio Balboni,0.9386084
Balboni,Martina Balboni,0.9326198
Barack Obama,Barack Obama,0.9999999
Barack Obama,Michelle Obama,0.9746748
Barack Obama,"Barack Obama, Sr.",0.91032857
Barack Obama,Joe Biden,0.9007212
Barack Obama,Elly Schlein,0.81809425
Barack Obama,Bruce Springsteen,0.8728133
Barillari,Rino Barillari,0.91252995
Barillari,Michele Barillaro,0.81394386
Barillari,Lorenzo Barillari,0.9068203
Barillari,Andrea Purgatori,0.88238597
Barillari,Peter O'Toole,0.78445643
Barillari,Alan Barillaro,0.8187692
Barillari,Raimondo D'Aronco,0.8336155
Barr,Roseanne Barr,0.92366445
Barr,Gig Young,0.8618976
Bartolomeo Pepe,Bartolomeo Pepe,1.0000001
Bartolomeo Pepe,Gabriele Pepe,0.9539203
Bassetti,Gualtiero Bassetti,0.9226131
Bassetti,Angela Bassett,0.82913065
Bassetti,Piero Bassetti,0.9069036
Bassetti,Tito Bassetti,0.91086495
Bassetti,Marcantonio Bassetti,0.8580477
Bassetti,Joshua Bassett,0.82529056
Bassetti,Alberto Bassetti,0.92226726
Bella,Gianni Bella,0.9173113
Bella,Bella Ramsey,0.91821146
Bella,Marcella Bella,0.9285655
Bella,Bella Hadid,0.9262308
Bello,Antonietta Bello,0.9414847
Bello,Maria Bello,0.9401402
Bello,Antonio Bello,0.93866587
Bello,Filippo IV di Francia,0.8080607
Bello,Marco Di Bello,0.8690818
Benassi,Marco Benassi (calciatore),0.8808674
Benassi,Stefano Benassi,0.93326735
Benassi,Benny Benassi,0.92585707
Benassi,Pietro Benassi,0.9362457
Benassi,Massimiliano Benassi,0.9107164
Benassi,Memo Benassi,0.9289242
Benassi,Enrico Benassi,0.9251573
Bennett,Tony Bennett,0.89701855
Bennett,Alan Bennett,0.923285
Bennett,Anthony Bennett,0.908666
Bennett,Brea Bennett,0.88793457
Bennett,Naftali Bennett,0.8524106
Bennett,Haley Bennett,0.90749884
Bennett,Manu Bennett,0.9081304
Bennett,Joan Bennett,0.8914611
Bennett,Jimmy Bennett,0.9176383
Benvenuto,Benvenuto Cellini,0.9385566
Benvenuto,Giorgio Benvenuto,0.9294124
Benvenuto,Alessandro Benvenuti,0.9259509
Benvenuto,Benvenuto Benvenuti,0.947943
Benvenuto,Benvenuto Stracca,0.9089409
Bergoglio,Papa Francesco,0.90361595
Bergoglio,Carlo Bergoglio,0.92934626
Bergoglio,Diego Fusaro,0.8548582
Berlusca,Silvio Berlusconi,0.8946621
Berlusconi,Silvio Berlusconi,0.9417165
Berlusconi,Marina Berlusconi,0.92954856
Berlusconi,Barbara Berlusconi,0.92804253
Berlusconi,Pier Silvio Berlusconi,0.88291395
Berlusconi,Paolo Berlusconi,0.9186642
Bernanke,Ben Bernanke,0.902062
Bernanke,Janet Yellen,0.9019143
Bettino Craxi,Bettino Craxi,1.0000001
Bettino Craxi,Stefania Craxi,0.94630384
Bettino Craxi,Bobo Craxi,0.9590043
Bettino Craxi,Sandra Milo,0.8768935
Biden,Joe Biden,0.90946805
Biden,Beau Biden,0.93149155
Biden,Jill Biden,0.91132504
Biden,Hunter Biden,0.9071264
Biden,Ashley Biden,0.9032282
Biden,Neilia Hunter Biden,0.7782968
Bignami,Galeazzo Bignami,0.9179486
Bignami,Giovanni Bignami,0.9014915
Bignami,Luigi Bignami,0.92266136
Bignami,Vespasiano Bignami,0.94465625
Bignami,Enrico Bignami,0.91392046
Bill Barr,Roseanne Barr,0.9253401
Bill Barr,Jean-Marc Barr,0.92578065
Bill Barr,Bill Withers,0.8898564
Bill Barr,Kaley Cuoco,0.81361973
Bill Barr,Steve Jobs,0.82580316
Bill Barr,Papa Francesco,0.773767
Bill Clinton,Bill Clinton,1.0
Bill Clinton,Hillary Clinton,0.97186506
Bill Clinton,Chelsea Clinton,0.9414179
Bill Clinton,Monica Lewinsky,0.88699687
Bill Clinton,George H. W. Bush,0.83849484
Bill Clinton,Donald Trump,0.9038782
Bill Gates,Bill Gates,0.99999964
Bill Gates,Melinda Gates,0.95762837
Bill Gates,Steve Jobs,0.9114714
Bird,Larry Bird,0.91131467
Bird,Brad Bird,0.9130759
Bird,Sue Bird,0.89641106
Bloomberg,Michael Bloomberg,0.889321
Bloomberg,Gianluigi Aponte,0.8094292
Boccia,Francesco Boccia,0.9253859
Boccia,Lorella Boccia,0.8994119
Boccia,Vincenzo Boccia,0.9225189
Boccia,Tanio Boccia,0.84350145
Boccia,Maria Luisa Boccia,0.86912704
Boccia,Giovanni Boccia Artieri,0.85783833
"Boldrini

",Laura Boldrini,0.9532685
"Boldrini

",Arrigo Boldrini,0.93618786
"Boldrini

",Michele Boldrin,0.8836063
"Boldrini

",Gustavo Boldrini,0.9465086
"Boldrini

",Marcello Boldrini,0.94444525
"Boldrini

",Giacinto Boldrini,0.9296779
"Boldrini

",Giulio Boldrini,0.93435574
"Boldrini

",Anselmo Boldrin,0.888311
Bonaccini,Stefano Bonaccini,0.9340973
Bonaccini,Elly Schlein,0.81812394
Bonafede,Alfonso Bonafede,0.9316184
Bonafede,Salvatore Bonafede,0.9197879
Bonafede,Matteo Messina Denaro,0.81163895
Bonafede,Francesco Bonafede,0.9287387
Bonafede,Monica Bonafede,0.90864885
Bonafede,Leonardo Buonafede,0.8786875
Bonafede,Giacomo Bonafede Oddo,0.86905396
Bonafede,Niccolò Bonafede,0.921271
Bono,Bono (cantante),0.8659029
Bono,Sonny Bono,0.92208797
Bono,Eurilla del Bono,0.8536326
Bono,Emilio Del Bono,0.86761177
Bono,Emilio De Bono,0.87502617
Bono,Chaz Bono,0.9206098
Bono,Alessandro Bono,0.93601644
Bono,Laura Bono,0.93521154
Boom,Peter Boom,0.90958124
Boris Johnson,Boris Johnson,0.9999999
Boris Johnson,Rishi Sunak,0.79662323
Boris Johnson,Carrie Johnson,0.954446
Boris Johnson,Theresa May,0.86570096
Boris Johnson,Liz Truss,0.85347176
Breitbart News,Ben Shapiro,0.7794585
Breitbart News,Steve Bannon,0.80098534
Breitbart News,Milo Yiannopoulos,0.8049681
Brian Alton,Alton Lister,0.8888371
Brian Alton,Brian Jackson (cestista 1959),0.85947555
Brian Alton,James Gunn (regista),0.8275422
Brian Alton,Brian Scalabrine,0.9021392
Brian Vickers,Thomas Kyd,0.8688784
Bruce Reinhart,Angus Macfadyen,0.85202825
Bruce Reinhart,Abraham Lincoln,0.83040065
Burioni,Roberto Burioni,0.95475876
Burioni,Michele Dalai,0.8407537
Burioni,Massimiliano Fedriga,0.8115673
Burioni,Marco Bizzarri (dirigente d'azienda),0.7655816
Burioni,Alessandro Meluzzi,0.8357861
COVID-19 LIEVE,Carlos Marín,0.8173375
Cacciari,Massimo Cacciari,0.9506919
Cacciari,Paolo Cacciari,0.930676
Cacciari,Roberto Cacciari,0.9456591
Cacciari,Roberto Andò,0.86467475
Cacciari,Veronica Lario,0.8733835
Cacciari,Franco Piperno,0.907428
Cacciari,San Patrizio,0.88588154
Calenda,Carlo Calenda,0.86770374
Calenda,Antonio Calenda,0.89437
Calenda,Fabio Calenda,0.89980185
"Calenda

",Carlo Calenda,0.86770374
"Calenda

",Antonio Calenda,0.89437
"Calenda

",Fabio Calenda,0.89980185
Candidato Volodymyr Zelensky,Volodymyr Zelens'kyj,0.95373833
Candidato Volodymyr Zelensky,Maia Sandu,0.8185171
Capuozzo,Ange Capuozzo,0.90941715
Capuozzo,Gennaro Capuozzo,0.8793634
Capuozzo,Toni Capuozzo,0.88754964
Capuozzo,Antonio Capuozzo,0.8958373
Capuozzo,Enrico Mentana,0.83913016
Cardarelli,Vincenzo Cardarelli,0.95193756
Cardarelli,Antonio Cardarelli,0.9409593
Cardarelli,Amos Cardarelli,0.84820086
Cardarelli,Roberta Cardarelli,0.9192874
Cardarelli,Ivano Cardarelli,0.9409111
Cardarelli,Bombolo,0.91478777
Carlo,Carlo V d'Asburgo,0.8372029
Carlo,Carlo III di Spagna,0.83902484
Carlo,Carlo I d'Angiò,0.8420931
Carlo,Carlo VI d'Asburgo,0.861564
Carlo,Carlo Di Carlo,0.8727336
Carlo,Carlo Ancelotti,0.918745
Carlo,Carlo Magno,0.9213978
Carlo Calenda,Carlo Calenda,1.0000002
Carlo Calenda,Fabio Calenda,0.9391601
Carlo Calenda,Carlo Cottarelli,0.9449016
Carlo Calenda,Luigi Di Maio,0.8052366
Carlo De Benedetti,Carlo De Benedetti,1.0000002
Carlo De Benedetti,Marco De Benedetti,0.9647479
Carlo De Benedetti,Rodolfo De Benedetti,0.970386
Carlo De Benedetti,Carlo Caracciolo,0.8858967
Carlo De Benedetti,Franco Debenedetti,0.89311075
Carlo De Benedetti,Cesare Romiti,0.87830293
Carlo Verna,Carlo Verna,1.0
Carlo Verna,Gaetano Verna,0.94774795
Carlo Verna,Vittorio Feltri,0.85491663
Carlo Verna,Enzo Foglianese,0.86331135
Cassano,Antonio Cassano,0.9361725
Cassano,Joe Cassano,0.9188539
Cassano,Piero Cassano,0.92578757
Cassano,Mario Cassano,0.92336684
Castelli,Laura Castelli,0.90575373
Castelli,Roberto Castelli,0.9163345
Catherine,Catherine Middleton,0.9203019
Catherine,Catherine Spaak,0.93304217
Catherine,Catherine Bach,0.9282321
Catherine,Catherine Deneuve,0.8134154
Catherine,Catherine Howard,0.92133784
Catherine,Catherine Keener,0.8560381
Catherine,Catherine O'Hara,0.84435534
Catherine Engelbrecht,Giovanni Franco,0.7838573
Cecchi Paone,Alessandro Cecchi Paone,0.9656804
Cecchi Paone,Nando Paone,0.9490436
Cecchi Paone,Daniele Bossari,0.86718214
Celsius                                                           ,Anders Celsius,0.9146776
Cesare,Gaio Giulio Cesare,0.8649398
Cesare,Cesare Beccaria,0.9124609
Cesare,Augusto,0.9405904
Cesare,Caligola,0.92740315
Cesare,Cesare Pavese,0.91776943
Cesare,Cesare Zavattini,0.91862285
Cesare,Cesare Battisti (1954),0.8747327
Cesare,Cesare Prandelli,0.9259622
Cesare,Cesare Borgia,0.928689
ChAdOx1 nCoV-19,Sarah Gilbert,0.8355796
Christopher Steele,Christopher Nolan,0.9429066
Christopher Steele,Brian Steele,0.96527416
Christopher Steele,George Romney,0.8642138
Christopher Steele,Christopher Meloni,0.9305397
Christopher Steele,Sergej Skripal',0.85276985
Christopher Steele,Jamie Lee Curtis,0.85556316
Christopher Steele,Marina Squerciati,0.82589835
Christopher Steele,Dakota Johnson,0.9175754
Christopher Steele,Cassandra Harris,0.88876754
Cingolani,Roberto Cingolani,0.93376756
Cingolani,Mario Cingolani,0.9210413
Cingolani,Angela Maria Guidi Cingolani,0.8899883
Cingolani,Andrea Cingolani,0.93001944
Cingolani,Gabriele dell'Addolorata,0.7990141
Cingolani,Carlo Cingolani,0.91580755
Cingolani,Luciano Cingolani,0.9257138
Cingolani,Luigi Cingolani,0.92642033
Ciro Isidoro,Teodoreto di Cirro,0.77954775
Ciro Isidoro,Ciro (patriarca di Costantinopoli),0.87364936
Ciro Isidoro,Isidoro I di Costantinopoli,0.7756374
Ciro Isidoro,Giuseppe Garibaldi,0.8630836
Ciro Isidoro,Isidoro II Xanthopoulos,0.788206
Ciro Isidoro,Carlo Alberto dalla Chiesa,0.8282095
Clementina Sasso,Jovanotti,0.87076914
Clementina Sasso,Fulvio Collovati,0.83958304
Clementina Sasso,Maria Luisa d'Asburgo-Lorena,0.84555745
Clinton,Bill Clinton,0.95028377
Clinton,Hillary Clinton,0.95134676
Clinton,Clint Eastwood,0.89664656
Clinton,Chelsea Clinton,0.9346363
Clinton,George Clinton (cantante),0.8592511
Clinton,George Clinton (politico),0.8796532
Clinton,Al Gore,0.8797654
Cmq,Cmqmartina,0.9271983
Cmq,Osvaldo Farrés,0.8021621
Comirnaty,Francesca Donato (politica),0.81493413
Condividiamo,Giorgia Meloni,0.8587296
Condividiamo,Nicolae Ceaușescu,0.78037506
Conte,Giuseppe Conte,0.9366316
Conte,Antonio Conte,0.9414656
Conte,Paolo Conte,0.93088406
"Conte

",Giuseppe Conte,0.9366316
"Conte

",Antonio Conte,0.9414656
"Conte

",Paolo Conte,0.93088406
"Conte 

Vi",Giuseppe Conte,0.8864869
"Conte 

Vi",Carlo VI d'Asburgo,0.85675263
"Conte 

Vi",Paolo Conte,0.8981483
"Conte 

Vi","Charles Spencer, VI conte Spencer",0.8595476
"Conte 

Vi",Edoardo VI d'Inghilterra,0.8668808
"Conte 

Vi",Antonio Conte,0.8919482
Conte II,Giuseppe Conte,0.88989276
Conte II,Umberto II di Savoia (conte),0.8786304
Conte II,Dario Franceschini,0.84042925
Conte II,Gaetano Manfredi,0.83224714
Conte II,Luigi Di Maio,0.7865341
Conte II,Vittorio Emanuele II di Savoia,0.8471361
Conte II,Elena Bonetti,0.86649764
Cornelius Vanderbilt,Cornelius Vanderbilt,1.0000001
Cornelius Vanderbilt,Cornelius Vanderbilt II,0.9652981
Cornelius Vanderbilt,William Henry Vanderbilt,0.9532334
Cornelius Vanderbilt,James Vanderbilt,0.97333944
Cornelius Vanderbilt,Eliza Osgood Vanderbilt,0.94387794
Cornelius Vanderbilt,Gertrude Vanderbilt Whitney,0.9118511
Cornelius Vanderbilt,William Kissam Vanderbilt,0.93683124
Cornelius Vanderbilt II,Cornelius Vanderbilt II,1.0000002
Cornelius Vanderbilt II,George Washington Vanderbilt II,0.95272464
Cornelius Vanderbilt II,William Henry Vanderbilt,0.9320277
Cornelius Vanderbilt II,Gertrude Vanderbilt Whitney,0.89963126
Cornelius Vanderbilt II,Reginald Claypoole Vanderbilt,0.91352415
Cornelius Vanderbilt II,William Kissam Vanderbilt,0.91937256
Cornelius Vanderbilt II,Gladys Vanderbilt Széchenyi,0.89387727
Corrias,Pino Corrias,0.87647253
Corrias,Efisio Corrias,0.90125453
Corrias,Giuseppe Corrias,0.89208794
Corrias,Salvatore Corrias,0.8917862
Corrias,Massimo Gramellini,0.83697736
Corrias,Alfredo Corrias,0.8984475
Corrias,Peppino Corrias,0.8797605
Cosco,Vincenzo Cosco,0.9070413
Cosco,Lea Garofalo,0.8507004
Craxi,Bettino Craxi,0.92472553
Craxi,Bobo Craxi,0.9224906
Craxi,Stefania Craxi,0.9248005
Crisanti,Andrea Crisanti (medico),0.89095366
Crisanti,Gabriele Crisanti,0.94197285
Crisanti,Lucia Crisanti,0.9522687
Crisanti,Andrea Crisanti (scenografo),0.89077425
D'Alema,Massimo D'Alema,0.95552784
D'Alema,Giuseppe D'Alema,0.9495008
D'Alema,Livia Turco,0.78846836
D'Alema,Pier Luigi Bersani,0.80458605
D'Alema,Sergio Mattarella,0.7842643
D'Amato,Joe D'Amato,0.9355874
D'Amato,Cus D'Amato,0.9474815
D'Amato,Federico Umberto D'Amato,0.915563
D'Amato,Franca D'Amato,0.9474012
D'Amato,Antonio D'Amato,0.9429363
D'Amato,Alice D'Amato,0.9453406
D'Amato,Asia D'Amato,0.951327
D'Amato,Al D'Amato,0.94109094
D'Amato,Vito D'Amato,0.95092547
Dan Scavino,Bruno Persa,0.827721
Danchenko,Vladimir Ivanovič Nemirovič-Dančenko,0.803851
Danchenko,Oleh Dančenko,0.8101195
Danchenko,Vladimir Putin,0.84966993
Danchenko,Dmitrij Kitaenko,0.83716726
Daniel Trappe,Marina Massironi,0.8688521
Daniel Trappe,Daniel Truhitte,0.9092618
Daniel Trappe,Luca Ward,0.8449757
Daniel Trappe,Sandro Acerbo,0.87410533
Daniele Capezzone,Daniele Capezzone,0.9999998
Daniele Capezzone,Salvatore Ferraro (1967),0.8544973
Daniele Capezzone,Carlo Caracciolo,0.8952074
Dario Franceschini,Dario Franceschini,1.0
Dario Franceschini,Elly Schlein,0.8081964
Dario Franceschini,Alberto Franceschini,0.9541819
Dario Franceschini,Enrico Letta,0.89003724
Dario Franceschini,Giorgio Franceschini,0.9519459
Dario Franceschini,Debora Serracchiani,0.88346595
Dave Martin....,Dave Gahan,0.82172585
Dave Martin....,Dave Bautista,0.8715117
Dave Martin....,Martin Gore,0.85906476
Dave Martin....,Dave Annable,0.8379201
Dave Martin....,Vince Clarke,0.7832385
Dave Martin....,Dean Martin,0.855684
Dave Martin....,Elvis Presley,0.7981774
Dave Martin....,Martin Short,0.85601014
David,Davide,0.9420184
David,David Per,0.9114365
David,David Ho,0.94304776
David,David Parenzo,0.9346765
David O'Connor,David O'Connor,1.0
David O'Connor,Donald O'Connor,0.97185886
David O'Connor,Kevin J. O'Connor,0.95893013
David O'Connor,Connor McDavid,0.8662201
David O'Connor,Frances O'Connor (attrice 1967),0.9202761
Davigo,Piercamillo Davigo,0.80757165
Davigo,Ottorino Davighi,0.79583824
Davigo,Gherardo Colombo,0.88833207
Davigo,Antonio Di Pietro,0.79934734
Davos,Klaus Schwab,0.8203732
Davos,Ernst Ludwig Kirchner,0.8039696
Davos,Greta Thunberg,0.8213526
De Donno,Giuseppe De Donno,0.9237526
De Donno,Marcello De Donno,0.90969175
De Donno,Giuliana De Donno,0.91182995
De Donno,Oronzio De Donno,0.897619
De Donno,Leoluca Bagarella,0.83857715
De Donno,Leonardo Donno,0.86926806
De Donno,Paolo Borsellino,0.82799363
De Donno,Vito Ciancimino,0.80224967
De Donno...,Giuseppe De Donno,0.847681
De Donno...,Marcello De Donno,0.85545164
De Donno...,Giuliana De Donno,0.8490367
De Donno...,Oronzio De Donno,0.82923865
De Donno...,Leoluca Bagarella,0.8177022
De Donno...,Leonardo Donno,0.7983104
De Donno...,Paolo Borsellino,0.7923815
De Donno...,Vito Ciancimino,0.80545855
De Micheli,Paola De Micheli,0.95356333
De Micheli,Marianna De Micheli,0.95892304
De Micheli,Mario De Micheli,0.95524764
De Micheli,Alighiero De Micheli,0.93779874
De Micheli,Nostradamus,0.86698985
De Micheli,Nataniela De Micheli,0.9115173
De Micheli,Maria Pierina De Micheli,0.93261904
De Micheli,Giulio De Micheli,0.95337814
De Micheli,Mario De Micheli (calciatore),0.90877557
Demicheli,Tulio Demicheli,0.7696974
Demicheli,Alberto Demicheli,0.9108989
Demicheli,João Mário,0.84405917
Demicheli,Barbara Bouchet,0.80480886
Demicheli,Pier Paolo Capponi,0.78076357
Demicheli,George Hilton,0.8597495
Denis Matveev,Denis Matveev,1.0000002
Di Battista,Giovanni Battista,0.93090284
Di Battista,Alessandro Di Battista,0.92883784
Di Battista,Giovanni Battista Pergolesi,0.88704276
Di Battista,Giambattista Tiepolo,0.8074389
Di Battista,Leon Battista Alberti,0.8720416
Di Battista,Giovanni Battista Piranesi,0.88196725
Di Maio,Luigi Di Maio,0.942749
Di Maio,Salvatore Di Maio,0.9467772
Di Maio,Sebastien De Maio,0.9162663
Di Maio,Oscar Di Maio (1959),0.9023961
Di Maio,Olimpia Di Maio,0.90280795
Di Maio,Gaspare Di Maio,0.93347764
"Di Maio

",Luigi Di Maio,0.942749
"Di Maio

",Salvatore Di Maio,0.9467772
"Di Maio

",Sebastien De Maio,0.9162663
"Di Maio

",Oscar Di Maio (1959),0.9023961
"Di Maio

",Olimpia Di Maio,0.90280795
"Di Maio

",Crescenzo Di Maio,0.92271304
Dico,Tina Dico,0.90745366
Dinesh D'Souza,Giovanni Gentile,0.73400605
Direi,Livio Cori,0.8783379
Direi,Chris Martin,0.89082396
Direi,Paolo Sollier,0.8254674
Direi,Ernest Renan,0.8712727
Direi,Davide Serra,0.8740762
Direi,Elvis Presley,0.8621415
Dmytro Kuleba,Dmytro Kuleba,0.9999999
Documentarsi,Jennifer Connelly,0.7773411
Domenico Mastrangelo,Sara Di Vaira,0.81308806
Domenico Mastrangelo,Dino Abbrescia,0.8208078
Domenico Mastrangelo,Felice Mastrangelo,0.89133835
Domenico Mastrangelo,Serena Bonanno,0.91835886
Domenico Mastrangelo,Vittoria Piancastelli,0.809506
Don Jr.,Floyd Mayweather Jr.,0.9195409
Don Jr.,Don Marino Barreto Junior,0.8796507
Don Jr.,Donald Trump Jr.,0.9119083
Don Jr.,Robert Downey Jr.,0.894301
Don Jr.,Martin Luther King,0.79167765
Don Jr.,Cuba Gooding Jr.,0.9143434
Don Jr.,Don Cheadle,0.84172606
Don Jr.,Don Coscarelli,0.8775401
Donald,Donald Trump,0.9072237
Donald,Donald Sutherland,0.83082616
Donald,Donald Glover,0.8662358
Donald,Donald Rumsfeld,0.82416046
Donald,Donald Pleasence,0.8646823
Donald,Donald McDonald Dickinson,0.89008623
Donald,Donald Winnicott,0.84209293
Donald,Donald Tusk,0.90840876
Donald J. Trump,Donald Trump,0.9119977
Donald J. Trump,Ivana Trump,0.8581837
Donald J. Trump,Fred Trump,0.8708326
Donald J. Trump,Ivanka Trump,0.8493223
Donald J. Trump,Maryanne Trump Barry,0.8611049
Donald Trump,Donald Trump,1.0000001
Donald Trump,Donald Trump Jr.,0.94658124
Donald Trump,Ivana Trump,0.9324338
Donald Trump,Ivanka Trump,0.88165617
Donald Trump,Fred Trump,0.936928
Dott,Graeme Dott,0.8398936
Dott.ssa Silvana De Mari,Maria Pia Di Meo,0.8400133
Dovevamo,Giuseppe Governale,0.8260582
Dovevamo,Gegia,0.9504011
Dovevamo,Barbara Palombelli,0.8384683
Dovevamo,Salvatore Inzerillo,0.806811
Dovevamo,Claudio Domino,0.88819945
Dovevamo,Antonino Madonia,0.8758959
Dovevamo,Giuseppe Marchese (criminale),0.8473744
Dovevamo,Gaspare Mutolo,0.82302946
Dr,Dr. Dre,0.8790565
Dr,Dr. Seuss,0.8638451
Draghi,Mario Draghi,0.91662526
Draghi,Enzo Draghi,0.91040635
Draghi M.,Mario Draghi,0.8333646
Draghi M.,Laura Castelli,0.78722477
Draghi M.,Claudio Durigon,0.8152528
Draghi-Salvini-Speranza,Roberto Speranza,0.84701365
Draghi-Salvini-Speranza,Mario Draghi,0.8141375
Draghi-Salvini-Speranza,Giancarlo Giorgetti,0.79714084
Draghi-Salvini-Speranza,Giuseppe Conte,0.76484597
Draghi-Salvini-Speranza,Stefano Patuanelli,0.77895284
Duma Volodin,Vjačeslav Volodin,0.9205973
Duma Volodin,Sergej Semënovič Sobjanin,0.7928894
"Durham

Ancora niente ?",Stephen King,0.722499
"Durham

Ancora niente ?",Edgar Allan Poe,0.71486956
"Durham

Ancora niente ?",Ezra Pound,0.6856386
ELISABETTA IN,Elisabetta I d'Inghilterra,0.85524285
ELISABETTA IN,Elisabetta II del Regno Unito,0.846241
ELISABETTA IN,Elisabetta di Baviera,0.81618893
ELISABETTA IN,Elisabetta Canalis,0.88331765
ELISABETTA IN,Elisabetta Ferracini,0.84597814
ELISABETTA IN,Elisabetta Sgarbi,0.88899326
ELISABETTA IN,Maria Elisabetta Alberti Casellati,0.8416813
Ebben,Ninco Nanco,0.82283175
Ebben,Bill Ebben,0.94089293
Ebben,Linneo,0.8826446
Ebben,Mario Mieli,0.8197561
Ector,Mara Wilson,0.82074934
Edmund Pettus,Rosa Parks,0.8122151
Edmund Pettus,Malcolm X,0.78258264
Edmund Pettus,Martin Luther King,0.7865171
Edmund Pettus,Emmett Till,0.8420477
Edmund Pettus,Harry Belafonte,0.7996458
Elena Bonetti,Elena Bonetti,0.99999976
Elena Bonetti,Alessandra Locatelli,0.9187665
Elena Bonetti,Monica Setta,0.92064786
Elena Bonetti,Teresa Bellanova,0.87669563
Elena Bonetti,Vincenzo Spadafora,0.8838916
Elio Vito,Elio Vito,0.99999964
Elio Vito,Vito Elio Petrucci,0.93836164
Elio Vito,Renata Polverini,0.8554918
Elio Vito,Laura Ravetto,0.86161387
Elio Vito,Edmondo Cirielli,0.8673111
Elio Vito,Stefania Prestigiacomo,0.887627
Elisabetta,Elisabetta I d'Inghilterra,0.84084624
Elisabetta,Elisabetta II del Regno Unito,0.83818793
Elisabetta,Elisabetta di Baviera,0.82519734
Elisabetta,Elisabetta Canalis,0.929822
Elisabetta,Elisabetta Ferracini,0.871765
Elisabetta,Elisabetta Sgarbi,0.92188543
Elisabetta,Elisabetta Ripa,0.94006026
Elisabetta II,Elisabetta II del Regno Unito,0.8978011
Elisabetta II,Elisabetta I d'Inghilterra,0.8423272
Elisabetta II,Elisabetta di Baviera,0.83298177
Elisabetta II,Filippo di Edimburgo,0.8329378
Elliott,Sam Elliott,0.9133813
Elliott,Elliott Gould,0.9174818
Elliott,Elliott Erwitt,0.8252963
Elliott,Missy Elliott,0.9130285
Elliott,Harvey Elliott,0.92379165
Elliott,Ezekiel Elliott,0.86809474
Elliott,Emun Elliott,0.8248544
Elliott,Brooke Elliott,0.90489376
Elliott,Joe Elliott,0.9092299
Elon,Elon Musk,0.90408087
Elon,Elon Lindenstrauss,0.8874905
Elon,Menachem Elon,0.8816607
Elon Musk,Elon Musk,0.9999999
Eltsin,Vittorio Zucconi,0.78173745
Emmanuel Macron,Emmanuel Macron,1.0000002
Emmanuel Macron,Brigitte Macron,0.920377
Emmanuel Macron,Élisabeth Borne,0.8364235
Emmanuel Macron,Christine Lagarde,0.8873064
Emmanuel Macron,Mario Draghi,0.8534518
Enrico,Enrico VIII d'Inghilterra,0.8085748
Enrico,Enrico V d'Inghilterra,0.8472703
Enrico,Enrico IV di Francia,0.8408288
Enrico,Enrico IV di Franconia,0.85652137
Enrico,Enrico III di Francia,0.824057
Enrico,Enrico VII d'Inghilterra,0.8550019
Enrico,Enrico Mentana,0.91548073
Enrico,Enrico II il Santo,0.8405769
Enrico,Enrico VI di Svevia,0.85712737
Enrico Letta,Enrico Letta,1.0000002
Enrico Letta,Gianni Letta,0.95561916
Enrico Letta,Elly Schlein,0.7907878
Enrico Letta,Nunzia De Girolamo,0.82511824
Enrico Letta,Giampaolo Letta,0.9381387
Enrico Letta,Dario Franceschini,0.89003724
Enrico Letta,Enrico Giovannini,0.9489139
Enrico Letta,Gian Pietro Dal Moro,0.83300984
Eric Trump,Eric Trump,1.0
Eric Trump,Ivana Trump,0.9050235
Eric Trump,Ivanka Trump,0.8850002
Eric Trump,Donald Trump Jr.,0.92114604
Eric Trump,Fred Trump,0.93191576
Eric Trump,Donald Trump,0.9366194
Eric Trump,Tiffany Trump,0.91664445
Erich Grimaldi,Paolo Torrisi,0.8891342
Erich Grimaldi,Giovanni Boccaccio,0.8430695
Erich Grimaldi,Maria Callas,0.8732927
Erich Grimaldi,Giovanni Pascoli,0.85790503
Erich Grimaldi,Gina Mascetti,0.8843938
Erich Grimaldi,Carlo Bergonzi,0.81988436
Eugenio Scalfari,Eugenio Scalfari,0.9999998
Eugenio Scalfari,Carlo De Benedetti,0.8441035
Eugenio Scalfari,Eugenio Cefis,0.87338763
Eugenio Scalfari,Bettino Craxi,0.86981046
Eugenio Scalfari,Italo Calvino,0.8795406
Eugenio Scalfari,Marella Agnelli,0.8515148
Eugenio Scalfari,Carlo Caracciolo,0.8687087
Euro-Atlantico,Dmytro Kuleba,0.7556119
Eviden,Chloé Delaume,0.79875183
Fabiana Dadone,Fabiana Dadone,1.0000001
Fabiana Dadone,Giulia Bongiorno,0.87759167
Fabiana Dadone,Alberto Bonisoli,0.85030097
Fabiana Dadone,Renato Brunetta,0.8865148
Fabiana Dadone,Andrea Abodi,0.89289415
Fabio,Fabio Rustico,0.9477422
Fabio,Fabio Capello,0.93755496
Fabio,Fabio Cannavaro,0.9379064
Fabio,Fabio Troiano,0.9301224
Fabio,Fabio Quagliarella,0.92884403
Fabio,Fabio Volo,0.92443323
Fabio,Fabio Rampelli,0.84628326
Fabio Milani,Fabio Milani,1.0
Fabio Milani,Fabio Concato,0.8931794
Fabio Milani,Fabio Lanzoni,0.9127948
Fabio Milani,Fabio Capello,0.9365779
Fabio Milani,Fabio Cannavaro,0.92451537
Fabio Milani,Fabio Rovazzi,0.90454054
Fabio Milani,Fabio Troiano,0.9247185
Faisons,Sacha Guitry,0.73736584
Faisons,Louis de Funès,0.81494594
Faisons,Dominique Blanc,0.8064828
Faisons,Raymond Cartier,0.7791686
Faisons,Stéphane Courtois,0.7900814
Farina,Nino Farina,0.9257308
Farina,Stefano Farina,0.9324961
Farina,Renato Farina,0.9068476
Farina,Simone Farina,0.92581016
Farina,Battista Farina,0.9373529
Farina,Dennis Farina,0.9138377
Farina,Dario Farina,0.9210261
Farina,Salvatore Farina,0.92881405
"Fdi

",Giorgia Meloni,0.8810235
"Fdi

",Augusta Montaruli,0.7937436
"Fdi

",Tommaso Foti,0.88973004
"Fdi

",Francesco Lollobrigida,0.87364274
Federico Fubini,Walter Ricciardi,0.89048344
Federico Fubini,Luca Maestri,0.8836669
Federico Fubini,Davide Serra,0.88395673
Federico Fubini,José Luis Rodríguez Zapatero,0.80255294
Federico Fubini,Ennio Presutti,0.8524769
Fico,Roberto Fico,0.9375295
Fico,Raffaella Fico,0.93349516
Filippo,Filippo II di Spagna,0.83609205
Filippo,Eduardo De Filippo,0.8694552
Filippo,Filippo di Edimburgo,0.86420405
Filippo,Filippo IV di Francia,0.8287943
Filippo,Filippo V di Spagna,0.8350489
Filippo,Filippo IV di Spagna,0.827106
Filippo,Filippo Neri,0.9462514
Filippo,Filippo I d'Asburgo,0.8236463
Filippo,Filippo I di Borbone-Orléans,0.8224119
Flavio Briatore,Flavio Briatore,1.0000001
Flavio Briatore,Fernando Alonso,0.895601
Flavio Briatore,Heidi Klum,0.8604604
Flavio Briatore,Michael Schumacher,0.8817311
Flavio Briatore,Paulo Sousa,0.8538356
Flavio Briatore,Giorgio Panariello,0.8623504
Flynn,Errol Flynn,0.8270844
Flynn,Lara Flynn Boyle,0.87926614
Flynn,Neil Flynn,0.9200026
Flynn,Jerome Flynn,0.92468315
Flynn,Johnny Flynn,0.92567194
Flynn,Rome Flynn,0.87385535
Flynn,Brandon Flynn,0.92097116
Flynn,Gillian Flynn,0.92498904
Foa,Arnoldo Foà,0.91098416
Foa,Marcello Foa,0.9235828
Foa,Vittorio Foa,0.91199756
Foa,Luciano Foà,0.9204376
Foa,Barrett Foa,0.9180674
Foa,Renzo Foa,0.9217019
Foa,Pio Foà,0.93251675
Frajese,Paolo Frajese,0.9525856
Frajese,Marina Lotar,0.85647476
Frajese,Vittorio Frajese,0.9614677
Frajese,Gian Piero Galeazzi,0.77835107
Frajese,Euclide,0.82137966
Frajese,Gabriele Paolini,0.799651
Francesca Donato,Francesca Donato (politica),0.91156316
Francesca Donato,Donato Carrisi,0.9036345
Francesca Donato,Ruggero Leoncavallo,0.876335
Francesca Donato,Francesco Donà,0.91418266
Francesca Donato,Donato Bilancia,0.91117674
Francesco Oliviero,Gabriel Garko,0.8485084
Francesco Oliviero,Francesco d'Assisi,0.8775002
Francesco Oliviero,Oliviero Beha,0.8732363
Francesco Oliviero,Francesco D'Macho,0.88336456
Francesco Oliviero,Francesco Piccolo,0.94050926
Francesco Scifo,Piero Ceccarini,0.88199925
Francesco Scifo,Giovanni Trapattoni,0.89058906
Francesco Toscano,Francesco I di Lorena,0.87891006
Francesco Toscano,Francesco I de' Medici,0.83843327
Francesco Toscano,Edoardo Toscano,0.94921637
Francesco Toscano,Francesco Bianconi,0.9399705
Francesco Toscano,Francesco Nuti,0.9266607
Franco Giovannini,Giovanni Alberto Agnelli,0.8537437
Franco Giovannini,Giovannino Guareschi,0.8943691
Franco Giovannini,Pietro Garinei,0.869745
Franco Giovannini,Enrico Giovannini,0.9565318
Franco Giovannini,Pippo Franco,0.9205419
Franco Giovannini,Maria Giovannini,0.92071176
Franco Giovannini,Paolo Panelli,0.9039262
Franco Giovannini,Gorni Kramer,0.84718245
Franco Trinca,Giovanni Paisiello,0.82715744
Franco Trinca,Valeria Bruni Tedeschi,0.8944872
Fratelli d'Italia,Giorgia Meloni,0.7284124
Fratelli d’Italia,Augusta Montaruli,0.6435318
Fratelli d’Italia,Giorgia Meloni,0.7284124
Fratelli d’Italia,Paola Frassinetti,0.69226795
Fratelli d’Italia,Rachele Silvestri,0.7131815
Fratelli d’Italia,Gianni Alemanno,0.6824099
Fratoianni,Nicola Fratoianni,0.893966
Fratoianni,Arturo Scotto,0.87105316
Fubini,Mario Fubini,0.8754517
Fubini,Enrico Fubini,0.8974954
Fubini,Renzo Fubini,0.86942196
Fubini,Simone Fubini,0.9007722
Fubini,Sergio Fubini,0.8869077
Fubini,Guido Fubini (giurista),0.841907
Fusillo,Nicola Fusillo,0.8884908
Fusillo,Mario Martone,0.8369267
Fusillo,Gianluca Fusilli,0.88747084
"GUARITI 

Gli studi",Max Weber,0.74665534
"GUARITI 

Gli studi",Giancarlo Magalli,0.7387437
"GUARITI 

Gli studi",Cristiano Ronaldo,0.7393671
"GUARITI 

Gli studi",Cartesio,0.7867564
"GUARITI 

Gli studi",Christian Vieri,0.72182643
"GUARITI 

Gli studi",Ernest Hemingway,0.74372584
"Gabriel Omar Batistuta

",Gabriel Batistuta,0.9589432
"Gabriel Omar Batistuta

",Luca Toni,0.8465008
"Gabriel Omar Batistuta

",Pietro Maiellaro,0.80198264
"Gabriel Omar Batistuta

",Davide Dionigi,0.8363079
Galli,Giovanni Galli,0.9143155
Galli,Filippo Galli (calciatore),0.8898939
Galli,Ernesto Galli della Loggia,0.7621127
Galli,Giorgio Galli,0.91347474
Galli,Niccolò Galli,0.92457175
Galli,Ida Galli,0.92515296
Galli,Carlo Galli (politico),0.87827766
Gasparri,Maurizio Gasparri,0.9437129
Gasparri,Franco Gasparri,0.932913
Gasparri,Pietro Gasparri,0.947207
Gasparri,Stella Gasparri,0.9031437
Gasparri,Clemente Gasparri,0.9218274
Gasparri,Giovanni Gasparro,0.78833866
Gasparri,Enrico Gasparri,0.93783176
Gatti,Arturo Gatti (pugile),0.8675746
Gatti,Jerry Calà,0.83938867
Gatti,Daniele Gatti,0.9256508
George Soros,George Soros,0.9999999
George Soros,Emma Bonino,0.8722233
George Soros,Jim Rogers,0.9127562
George Soros,Frank Rafael La Rue Lewy,0.80799556
George Soros,Roger Ailes,0.82772493
George W. Bush,George W. Bush,0.9999999
George W. Bush,George H. W. Bush,0.9751244
George W. Bush,Barbara Bush,0.89107305
George W. Bush,Laura Bush,0.8778297
George W. Bush,Jeb Bush,0.90619755
George W. Bush,Colin Powell,0.8431177
Gesu'....,Gesù,0.83356917
Gesu'....,Maria (madre di Gesù),0.90788347
Gesù,Gesù,1.0000004
Gesù,Maria (madre di Gesù),0.88514346
Ghislaine Maxwell,Ghislaine Maxwell,0.9999999
Ghislaine Maxwell,Jeffrey Epstein,0.84203124
Ghislaine Maxwell,"Andrea, duca di York",0.8082512
Ghislaine Maxwell,Robert Maxwell (imprenditore),0.8124559
Gianluca Marletta,Marcello Foa,0.8214202
Gianluca Marletta,Mario Polia,0.8636657
Gianluca Marletta,Steve Bannon,0.83759856
Gigi Simoni,Luigi Simoni,0.9694184
Gigi Simoni,Gigi D'Alessio,0.8729541
Gigi Simoni,Enrico Chiesa,0.86680126
Gigi Simoni,Fulvio Pea,0.8575743
Gigi Simoni,Gigi Proietti,0.9495027
Gigi Simoni,Gigi Sabani,0.89717996
Gigi Simoni,Mattia Graffiedi,0.8112537
Gigi Simoni,Gigi Riva,0.9387229
Gigi Simoni,Luca Antonini (calciatore),0.8547902
"Gigi Simoni

",Luigi Simoni,0.9694184
"Gigi Simoni

",Gigi D'Alessio,0.8729541
"Gigi Simoni

",Enrico Chiesa,0.86680126
"Gigi Simoni

",Fulvio Pea,0.8575743
"Gigi Simoni

",Gigi Proietti,0.9495027
"Gigi Simoni

",Gigi Sabani,0.89717996
"Gigi Simoni

",Mattia Graffiedi,0.8112537
"Gigi Simoni

",Gigi Riva,0.9387229
"Gigi Simoni

",Luca Antonini (calciatore),0.8547902
Giorgetti,Giancarlo Giorgetti,0.91601217
Giorgetti,Alberto Giorgetti,0.92381865
Giorgetti,Giorgetto Giugiaro,0.83355033
Giorgetti,Rodolfo Giorgetti,0.92005134
Giorgetti,Nello Giorgetti,0.8982835
Giorgetti,Alex Giorgetti,0.92218214
Giorgetti,Giuseppe Giorgetti,0.92559373
Giorgetti,Edoardo Giorgetti,0.9250355
Giorgetti,Ezio Giorgetti,0.920076
Giorgia Meloni,Giorgia Meloni,1.0000001
Giorgia Meloni,Guido Crosetto,0.911533
Giorgia Meloni,Francesco Lollobrigida,0.88807863
Giorgia Meloni,Matteo Salvini,0.9098414
Giorgio,Giorgio III del Regno Unito,0.8186861
Giorgio,San Giorgio,0.91891813
Giorgio,Giorgio V del Regno Unito,0.84098804
Giorgio,Giorgio I di Gran Bretagna,0.829551
Giorgio,Giorgio II di Gran Bretagna,0.83543605
Giorgio,Giorgio Almirante,0.90812916
Giorgio,Giorgio Locatelli,0.93238914
Giorgio,Giorgio Gaber,0.89918387
Giorgio Agamben,Giorgio Agamben,0.9999997
Giorgio Agamben,Walter Benjamin,0.8277471
Giorgio Agamben,Giorgio Manganelli,0.8574277
Giorgio Agamben,Ginevra Bompiani,0.7831016
Giorgio Bianchi,Giorgio Bianchi,1.0
Giorgio Bianchi,San Giorgio,0.8748119
Giorgio Bianchi,Alberto Sordi,0.8339185
Giorgio Bianchi,Leopoldo Trieste,0.845762
Giorgio Bianchi,Walter Chiari,0.8755185
Giorgio Bianchi,Vittorio De Sica,0.81224775
Giorgio Bianchi,Tina Pica,0.85101914
Giorgio Bianchi,Riccardo Billi,0.8681062
Giorgio Bianchi,Amedeo Nazzari,0.86994016
Giorgio Napolitano,Giorgio Napolitano,0.99999976
Giorgio Napolitano,Sergio Mattarella,0.8934958
Giorgio Napolitano,Enrico Letta,0.88534254
Giovanni Frajese,Giovanni Bolzoni (compositore),0.84297013
Giovanni Frajese,Giovanni Maria Bononcini,0.88511705
Giovanni Frajese,Giovanni Bononcini,0.8840869
Giovanni Frajese,Galileo Galilei,0.77959746
Giovanni Frajese:,Giovanni Bolzoni (compositore),0.89964694
Giovanni Frajese:,Giovanni Maria Bononcini,0.88413703
Giovanni Frajese:,Giovanni Bononcini,0.88918525
Giovanni Frajese:,Galileo Galilei,0.79528785
Giulia Grillo,Giulia Grillo,0.99999976
Giulia Grillo,Roberto Speranza,0.9004344
Giulia Grillo,Beppe Grillo,0.93768144
Giulia Grillo,Beatrice Lorenzin,0.8856832
Giulia Grillo,Danilo Toninelli,0.88500726
Giulia Grillo,Adriano Panzironi,0.7608324
Giulia Grillo,Maurizio Fugatti,0.8491751
Giuliano Amato,Giuliano Amato,0.99999976
Giuliano Amato,Carlo Azeglio Ciampi,0.8589505
Giuliano Amato,Giorgio Napolitano,0.8550684
Giuliano Amato,Bettino Craxi,0.8765209
Giuliano Amato,Silvana Sciarra,0.87584084
Giuliano Ferrara,Giuliano Ferrara,1.0000001
Giuliano Ferrara,Claudio Cerasa,0.904113
Giuliano Ferrara,Maurizio Ferrara,0.95468545
Giuliano Ferrara,Daniele Luttazzi,0.860543
Giuliano Ferrara,David Parenzo,0.89704764
Giuliano Ferrara,Piero Ricca,0.8439467
Giulietto Chiesa,Giulietto Chiesa,1.0000001
Giulietto Chiesa,Achille Occhetto,0.857208
Giulietto Chiesa,Luca Bonaccorsi,0.8471165
Giulietto Chiesa,Vauro,0.8750038
Giulietto Chiesa,Giulietta Masina,0.8075194
Giulietto Chiesa,Pino Cabras,0.85097873
Giuseppe Conte,Giuseppe Conte,1.0
Giuseppe Conte,Giuseppe Conte (scrittore),0.90458226
Giuseppe Conte,Luigi Di Maio,0.83102095
Giuseppe Conte,Francesco Giuseppe I d'Austria,0.82631636
Giuseppe Conte,Gaetano Manfredi,0.8830337
Giuseppe Conte,Sergio Mattarella,0.8640466
"Giuseppe Conte

",Giuseppe Conte,1.0
"Giuseppe Conte

",Giuseppe Conte (scrittore),0.90458226
"Giuseppe Conte

",Luigi Di Maio,0.83102095
"Giuseppe Conte

",Francesco Giuseppe I d'Austria,0.82631636
"Giuseppe Conte

",Gaetano Manfredi,0.8830337
"Giuseppe Conte

",Sergio Mattarella,0.8640466
Giuseppe Di Bella,Marcella Bella,0.8523829
Giuseppe Di Bella,Bella Hadid,0.81899047
Giuseppe Di Bella,Giuseppe Bella,0.92010117
Glauco Benigni,Bob Dylan,0.8694494
Gloria Vanderbilt,Gloria Vanderbilt,1.0000002
Gloria Vanderbilt,Liù Bosisio,0.8106359
Gloria Vanderbilt,Angela Lansbury,0.7800789
Gloria Vanderbilt,Clara Bindi,0.7972139
Gloria Vanderbilt,Gertrude Vanderbilt Whitney,0.893503
Gloria Vanderbilt,Christopher Plummer,0.836099
Gloria Vanderbilt,Reginald Claypoole Vanderbilt,0.9272593
Gonzalo,Gonzalo Higuaín,0.94705975
Gonzalo,Gonzalo Villar,0.95518875
Gonzalo,Gonzalo Montiel,0.89680886
Gonzalo,Gonzalo Bergessio,0.9370645
Gonzalo,Nicolás Otamendi,0.83467877
Gonzalo,Gonzalo Escalante,0.8924631
Gonzalo,Gonzalo Nicolás Martínez,0.90791035
Gonzalo,Gonzalo Javier Rodríguez,0.89713174
Gonzalo Lira,Gonzalo Villagra,0.9030534
Gonzalo Lira,Zlatan Ibrahimović,0.8186768
Gonzalo Lira,Gonzalo Duarte García de Cortázar,0.8325182
Gonzalo Lira,Olivier Giroud,0.87645763
Gonzalo Lira,Giovanni Verga,0.80485123
Gonzalo Lira,Salvador Allende,0.80750763
Green,Eva Green,0.90877545
Green,Al Green,0.90535355
Green,Draymond Green,0.8213817
Green,Adam Green,0.9212445
Green,Logan Marshall-Green,0.8583493
Green,Peter Green,0.92142814
Green Pass,Sara Cunial,0.80541545
Green Pass,Madame (cantante),0.8256898
Gregg,Gregg Popovich,0.864606
Gregg,Gregg Allman,0.8605375
Gregg,Ezio Greggio,0.86737907
Gregg,Gregg Araki,0.93218005
Gregg,Gregg Sulkin,0.85971445
Gregg,Bradley Gregg,0.9127704
Gregg,Clark Gregg,0.9166899
Gregg,Gregg Henry,0.9238529
Gregg Phillips,Bijou Phillips,0.96153957
Gregg Phillips,Gregg Bissonette,0.86487824
Gregg Phillips,Woody Herman,0.8927554
Gregg Phillips,Cristiano Ronaldo,0.84184605
Gregg Phillips,Phillip Phillips,0.9456703
Grimaldi,Eva Grimaldi,0.9351002
Grimaldi,Elena Grimaldi,0.9420013
Grimaldi,Antonello Grimaldi,0.93056476
Grimaldi,Charlotte Grimaldi,0.9236536
Grimaldi,Aurelio Grimaldi,0.93336296
Grimoldi,Paolo Grimoldi,0.97025716
Grimoldi,Guido Grimoldi,0.9718609
Grimoldi,Stefania Andreoli,0.855433
Guido Crosetto,Guido Crosetto,0.9999999
Guido Crosetto,Giorgia Meloni,0.9115329
Guido Crosetto,Ignazio La Russa,0.8414744
Guido Crosetto,Giovanni Donzelli,0.89414597
Guido Crosetto,Fabio Rampelli,0.840973
Guido Viale,Guido Viale (saggista),0.9077399
Guido Viale,Guido Viale (politico),0.8976079
Gustave Le Bon –,Gustave Le Bon,0.967233
Gustave Le Bon –,Edward Bernays,0.82779443
Guy Verhofstadt,Guy Verhofstadt,0.99999976
Guy Verhofstadt,Roberto Gualtieri,0.8427823
Guy Verhofstadt,Alexander De Croo,0.82564044
Harris Interactive,Kamala Harris,0.7898377
Harvey Weinstein,Harvey Weinstein,0.9999998
Harvey Weinstein,Uma Thurman,0.7630583
Harvey Weinstein,Bob Weinstein,0.9808202
Harvey Weinstein,Mario Adinolfi,0.74924546
Hillary,Hillary Clinton,0.9292593
Hillary,Edmund Hillary,0.9367322
Hillary,Hillary Scott,0.937916
Hillary,Bill Clinton,0.91601086
Hillary,Hillary Wolf,0.9042873
Hillary Clinton,Hillary Clinton,1.0000001
Hillary Clinton,Bill Clinton,0.97186506
Hillary Clinton,Chelsea Clinton,0.9549673
Hillary Clinton,Barack Obama,0.9306325
Hillary Clinton,Joe Biden,0.9089322
Hillary Clinton,Vladimir Putin,0.9086239
Hillary Clinton,Donald Trump,0.8777305
"Hillary Clinton

Dimostrando",Julian Assange,0.7975503
"Hillary Clinton

Dimostrando",Franklin Delano Roosevelt,0.82796013
"Hillary Clinton

Dimostrando",David Icke,0.81597763
"Hillary Clinton

Dimostrando",Michael Dukakis,0.82070076
"Hillary Clinton

Dimostrando",Edith Roosevelt,0.8626679
"Hillary Clinton

Dimostrando",Grant Hill,0.8376198
Hitler,Adolf Hitler,0.95508116
Hitler,Angela Hitler,0.93536407
Hitler,Eva Braun,0.8835833
Hitler,Alois Hitler,0.8251189
Hitler,Paula Hitler,0.9367296
Horowitz,Vladimir Horowitz,0.8923949
Horowitz,Margherita Horowitz,0.8738082
Horowitz,Anthony Horowitz,0.90238136
Horowitz,Paul Horowitz,0.8877654
Horowitz,Al Horowitz,0.87169
Hunter,Hunter Schafer,0.87027824
Hunter,Holly Hunter,0.9277569
Hunter Biden,Hunter Biden,0.9999999
Hunter Biden,Neilia Hunter Biden,0.9002301
Hunter Biden,Beau Biden,0.92591834
Hunter Biden,Joe Biden,0.92751825
Hunter Biden,Jill Biden,0.9369343
Hunter Biden,Ashley Biden,0.91373813
Hunter Biden,Eric Trump,0.88914543
Hunter Thompson,Hunter Stockton Thompson,0.9490725
Hunter Thompson,Emma Thompson,0.9471003
Hunter Thompson,Holly Hunter,0.92598075
Hunter Thompson,Soren Thompson,0.94716907
INFORMAZIONI DI VITALE,Silvio Vitale,0.8392324
INFORMAZIONI DI VITALE,Salvo Vitale,0.86672235
INFORMAZIONI DI VITALE,Andrea Vitali,0.8271853
INFORMAZIONI DI VITALE,Serena Vitale,0.86138594
Ian Read,Ian McEwan,0.8600041
Ian Read,Ian Gillan,0.93188894
Ian Read,Peter J. Carroll,0.83589137
Ian Read,Ian Paice,0.9511836
Ian Read,David Tibet,0.87155306
Igor Danchenko,Vladimir Putin,0.8253978
Imitatela,Curzio Malaparte,0.8166464
Imitatela,Jonathan Swift,0.8406723
Imitatela,Rocco Carabba,0.80919814
Imogen Parker,Eleonora Reti,0.88820815
Imogen Parker,Mark Strong,0.88782644
Imogen Parker,Dominic Cooper,0.92065537
Imogen Parker,Roberta Greganti,0.8728386
Imogen Parker,Vanessa Redgrave,0.86195666
Imogen Parker,Maria Callas,0.87094975
Imogen Parker,Celia Imrie,0.8154807
Incarcera,Gian Galeazzo Visconti,0.756994
Indro Montanelli,Indro Montanelli,0.99999976
Indro Montanelli,Marco Travaglio,0.85386133
Indro Montanelli,Mario Cervi,0.862895
IoPollicino,Salvatore Pollicino,0.84926814
Isabella Giampaoli,Isabella Bossi Fedrigotti,0.8927545
Isabella Giampaoli,Giampaolo Manfrone,0.8540089
Isabella Giampaoli,Isabella Pallavicino,0.8854539
Isabella Giampaoli,Micaela Ramazzotti,0.82165277
Isabella Giampaoli,Giampaolo Rugarli,0.8515776
Italo Calvino,Italo Calvino,1.0000002
Italo Calvino,Eva Mameli Calvino,0.8883812
Italo Calvino,Mario Calvino,0.96740186
Italo Calvino,Floriano Calvino,0.9648447
Iv,Giorgio IV del Regno Unito,0.8090451
Iv,Enrico IV di Franconia,0.84170777
Iv,Filippo IV di Francia,0.8265327
Iv,Akhenaton,0.83742654
Iv,Carlo IV di Lussemburgo,0.807728
Iv,Edoardo IV d'Inghilterra,0.83081436
JOE BIDENS,Lael Brainard,0.7880824
Jack Dorsey,Jack Dorsey,0.9999999
Jack Dorsey,MrBeast,0.8208018
Jake Lang,Jake Shears,0.89945984
Jake Lang,Jake Scott,0.940049
Jake Lang,Sam Worthington,0.8258277
Jake Lang,Michelle Williams (attrice),0.81723773
James,Jesse James,0.9198102
James,LeBron James,0.91459906
James,Robert James (medico),0.8598398
James,Charles James,0.9347004
James,James Rodríguez,0.90858555
James,Bruce Feirstein,0.8007016
James,James Caan,0.86718583
James,James Ha,0.95002294
Jeb Bush,Jeb Bush,0.99999964
Jeb Bush,George H. W. Bush,0.8817741
Jeb Bush,George W. Bush,0.90619755
Jeb Bush,Barbara Bush,0.94470435
Jeb Bush,Ben Carson,0.8252065
Jeb Bush,Marco Rubio,0.85327804
Jeb Bush,Lindsey Graham,0.8950232
Jeff Bezos,Jeff Bezos,1.0000002
Jeff Bezos,MacKenzie Scott,0.9032298
Jeff Bezos,Bill Gates,0.89285743
Jeff Bezos,John Elkann,0.8524772
Jeffrey Epstein,Jeffrey Epstein,0.9999995
Jeffrey Epstein,Ghislaine Maxwell,0.84203124
Jeffrey Epstein,"Andrea, duca di York",0.797142
Jeffrey Epstein,Rob Epstein,0.9639764
Jeffrey Epstein,Robert Maxwell (imprenditore),0.80857575
Jeffrey Epstein,Richard Stallman,0.7850392
Jerome Powell,Jerome Powell,0.9999999
Jerome Powell,Michael Powell,0.9574426
Jerome Powell,Janet Yellen,0.88059545
Jill Biden,Jill Biden,1.0000002
Jill Biden,Joe Biden,0.9307158
Jill Biden,Ashley Biden,0.93026465
Jill Biden,Beau Biden,0.9396144
Jill Biden,Hunter Biden,0.93693423
Jill Biden,Neilia Hunter Biden,0.85539293
Jim Carrey,Jim Carrey,1.0000002
Jim Comey,James Comey,0.96085095
Jim Comey,Jeff Daniels,0.8397679
Jim Comey,Brendan Gleeson,0.8134377
Jim Comey,Donald Trump,0.8055434
Jim Comey,Jennifer Ehle,0.8511273
Jim Comey,Brian d'Arcy James,0.88580346
Jim Comey,Hillary Clinton,0.8325337
Jimmy Savile,Jimmy Savile,0.9999999
Jimmy Savile,Gary Glitter,0.8686024
Jimmy Savile,David Icke,0.8863997
Joe,Joe Biden,0.93342257
Joe,Joe Bastianich,0.9321036
Joe,Joe Bugner,0.87295926
Joe,Joe R. Lansdale,0.86400205
Joe,Joe Louis,0.9315343
Joe Biden,Joe Biden,0.9999999
Joe Biden,Jill Biden,0.93071586
Joe Biden,Beau Biden,0.9276371
Joe Biden,Hunter Biden,0.92751825
Joe Biden,Ashley Biden,0.9228907
Joe Biden,Lady Gaga,0.8431658
Joe Rogan,Joe Rogan,1.0000001
Joe Rogan,Chabib Nurmagomedov,0.8329413
Joe Rogan,Jon Jones,0.8464515
Joe Rogan,Bob Odenkirk,0.84871024
Joe Rogan,Chael Sonnen,0.8816103
Johannes Müller,Johannes Peter Müller,0.95804685
Johannes Müller,Johannes von Müller,0.9337348
Johannes Müller,Johannes Müller Argoviensis,0.916491
Johannes Müller,Regiomontano,0.84814644
Johannes Müller,Heinrich Müller,0.9546155
Johannes Müller,Giovanni Keplero,0.87929034
Johannes Müller,Hans Wilhelm Geiger,0.861216
Johannes Müller,Johann Muller,0.95813537
John Durham,Mary Ann Cotton,0.8852766
John Durham,"John Lambton, I conte di Durham",0.9354964
John Durham,"John Lambton, III conte di Durham",0.91928035
John Durham,Susan Sarandon,0.8696755
John Durham,Simeone di Durham,0.9289093
John Fetterman,Tom Marino,0.8109559
John Fetterman,Brendan Boyle,0.8778566
John Fetterman,Lloyd Smucker,0.84411746
John Fetterman,Cavallo Pazzo,0.82143277
John Lewis,John Lewis (politico),0.91516083
John Lewis,John Lewis (pianista),0.91402215
John Lewis,Daniel Day-Lewis,0.9014288
John Lewis,John Henry Lewis,0.9669563
John Lewis,John Lewis Gaddis,0.9475041
John Lewis,John Lewis Heilbron,0.92364156
John McAfee,John McAfee,1.0
John McAfee,Pat McAfee,0.85972846
John McAfee,Brad Pitt,0.8353709
John McAfee,Austin Theory,0.8665689
John Ratcliffe,John Ratcliffe,1.0000002
John Ratcliffe,Peter John Ratcliffe,0.9827359
John Ratcliffe,John Ratcliffe (politico),0.94654435
John Ratcliffe,Pocahontas,0.808851
John Ratcliffe,Francis Crick,0.86116874
John Solomon,Solomon Northup,0.8854097
John Solomon,John Lithgow,0.7996527
John Solomon,Ed Solomon,0.8803852
John Solomon,Glen Hansard,0.81886995
John Solomon,Will Forte,0.8382758
John Solomon,Kyle Alexander (cestista),0.81977785
John Solomon,Wolfgang Amadeus Mozart,0.7405533
John Stone,Sharon Stone,0.94246256
John Stone,Oliver Stone,0.9517302
John Stone,Emma Stone,0.94026816
John_Mearsheimer Con-direttore,Victoria Nuland,0.8241912
John_Mearsheimer Con-direttore,Justin Raimondo,0.7831217
John_Mearsheimer Con-direttore,Arsenij Jacenjuk,0.8146907
John_Mearsheimer Con-direttore,Sergio Romano,0.8243438
Johnson,Aaron Taylor-Johnson,0.88298255
Johnson,Dakota Johnson,0.92604876
Johnson,Magic Johnson,0.93906415
Johnson,Ashley Johnson,0.9253256
Johnson,Dwayne Johnson,0.87627184
Johnson,Lyndon B. Johnson,0.8484766
Johnson,Robert Johnson,0.92978394
Johnson,Don Johnson,0.9218679
"Johnson

",Magic Johnson,0.93906415
"Johnson

",Aaron Taylor-Johnson,0.88298255
"Johnson

",Dakota Johnson,0.92604876
"Johnson

",Ashley Johnson,0.9253256
"Johnson

",Lyndon B. Johnson,0.8484766
"Johnson

",Dwayne Johnson,0.87627184
"Johnson

",Robert Johnson,0.92978394
"Johnson

",Don Johnson,0.9218679
Jordan,Michael Jordan,0.940737
Jordan,Michael B. Jordan,0.8760034
Jordan,Jordan Peterson,0.92378265
Jordan,Jordan Peele,0.8870694
Jordan,Jordan Belfort,0.88228965
Jordan,Joe Jordan,0.93952495
Jordan,Jordan Lukaku,0.9553767
Jordan,Jordan Poole,0.8954202
Josep Borrell,Josep Borrell,0.9999998
Josep Borrell,Ursula von der Leyen,0.8645128
Joseph McCarthy,Joseph McCarthy,0.9999999
Joseph McCarthy,Cormac McCarthy,0.9689129
Joseph McCarthy,Tom McCarthy (regista),0.8909476
Joseph McCarthy,Mick McCarthy,0.9580157
Joseph McCarthy,Joseph McCarthy (paroliere),0.8995964
Joseph McCarthy,Eugene McCarthy,0.9584844
Joseph McCarthy,Roy Cohn,0.82571685
Joseph McCarthy,Johnny McCarthy,0.94032556
Joseph Welch,Tahnee Welch,0.85321766
Joseph Welch,Raquel Welch,0.96208656
Joseph Welch,Joseph McCarthy,0.9356431
Joseph Welch,Elisabeth Welch,0.9590607
Joseph Welch,Roy Cohn,0.8319124
Joseph Welch,Dev Hynes,0.82047755
Josh Shapiro,Jon Fox,0.8414925
Josh Shapiro,Ronald William Gainer,0.8407605
Josh Shapiro,Tom Wolf,0.8353869
Josh Shapiro,Michael Joseph Murphy,0.838617
Julian Assange,Julian Assange,1.0000001
Julian Assange,Vivienne Westwood,0.79158723
Julian Assange,Pamela Anderson,0.81895405
Julian Assange,Gareth Peirce,0.76538926
Julian Assange,Chelsea Manning,0.80010414
Julian Assange,Amal Clooney,0.809121
Justino,Cristiane Justino,0.92346954
Justino,Justino de Neve,0.9008232
Justino,Justin Bieber,0.9081171
Justino,João Justino Amaral dos Santos,0.8437911
Justino,Justino Díaz,0.95233804
Justino,Justino Victoriano,0.9226273
Justino,Justin Gaethje,0.8772238
Kadlec,Miroslav Kadlec,0.93510085
Kadlec,Václav Kadlec,0.9355874
Kadlec,Michal Kadlec,0.95296556
Kadlec,Milan Kadlec (ciclista),0.8688315
Kadlec,Drahomír Kadlec,0.9190705
Kadlec,Andrej Kadlec,0.9551273
Karl Lauterbach,Karl Lauterbach,0.99999976
Karl Lauterbach,Karl von Kirchbach auf Lauterbach,0.9322014
Karl Lauterbach,Jens Spahn,0.8705404
Kavanaugh,Brett Kavanaugh,0.9645972
Kavanaugh,Christine Blasey Ford,0.8469583
Kavanaugh,Brian Kavanaugh-Jones,0.91116595
Kavanaugh,Benedict Cumberbatch,0.80028903
Kavanaugh,Walter Tevis,0.815021
Kevin Spacey,Kevin Spacey,0.99999994
Kim Jong,Kim Jong-un,0.9485098
Kim Jong,Kim Jong-il,0.94563603
Kim Jong,Kim Jong-nam,0.9394202
Kim Jong,Kim Yo-jong,0.93742156
Kim Jong,Kim Il-sung,0.9161875
Kim Jong,Kim Jong-chul,0.9223759
Kim Jong,Kim Jong-hyun (cantante),0.8978685
Kim Jong,Kim Jong-suk,0.9406237
Kirsty Innes,Billy Bragg,0.8525453
Klaus Schwab,Klaus Schwab,0.99999964
Klaus Schwab,Anthony Fauci,0.8390893
Klaus Schwab,Magdi Allam,0.7126441
Klaus Schwab,Margaret Atwood,0.816306
Klaus Schwab!,Klaus Schwab,0.9752164
Klaus Schwab!,Anthony Fauci,0.84854716
Klaus Schwab!,Magdi Allam,0.7056361
Klaus Schwab!,Margaret Atwood,0.8199582
Klaus Schwab!,Atom Egoyan,0.81037855
Konstantin Novoselov,Konstantin Novosëlov,1.0
Konstantin Novoselov,Andrej Gejm,0.8451021
Konstantin Novoselov,Carlo Rubbia,0.7657474
Konstantin Novoselov,Albert Einstein,0.7735579
Lagarde,Christine Lagarde,0.92710716
Lagarde,Claude François Chauveau-Lagarde,0.8478099
Lagarde,Marcela Lagarde,0.9233002
Lagarde,Maxime Lagarde,0.93404984
Lagarde,Jocelyne LaGarde,0.8321974
Lamorgese,Luciana Lamorgese,0.9643904
Lamorgese,Cateno De Luca,0.82246417
Lamorgese,Grazia Di Michele,0.7825784
Lamorgese,Pier Luigi Lamorgese,0.9306731
Lamorgese,Maria Luisa Pellizzari,0.8138968
Lamorgese,Lamberto Giannini,0.7956875
Lapid,Yair Lapid,0.91206133
Lapid,Nadav Lapid,0.92213804
Lapid,Shulamit Lapid,0.90582883
Lapid,Naftali Bennett,0.7959552
Lavoreremo,Chiara Braga,0.83591366
Lavoreremo,Alessia Morani,0.8181714
Lavoreremo,Enrico Letta,0.81568974
Lavoreremo,Federico Macheda,0.8552747
Lavrov,Sergej Viktorovič Lavrov,0.83394504
Lavrov,Pëtr Lavrovič Lavrov,0.8530797
Lavrov,German Lavrov,0.9095636
Lavrov,Kirill Jur'evič Lavrov,0.77184516
Lavrov,Liz Truss,0.85735047
Le Pen,Marine Le Pen,0.9354039
Le Pen,Jean-Marie Le Pen,0.9198583
Le Pen,Marion Maréchal,0.787658
Le Pen,Ulrich Le Pen,0.936494
Leggete,Laura Linney,0.82729566
Leggete,George H. W. Bush,0.8160871
Leggete,Paolo Villaggio,0.86845124
Leggete,David Bowie,0.8690882
Leggete,Mario Scelba,0.8439752
Leggete,Luciano Bianciardi,0.8671813
Leggete,Luca Mercalli,0.8662462
Leggete,Cornelius Horan,0.8561615
Leo,Edoardo Leo,0.9520013
Leo,Leo Gullotta,0.9531666
Leo,Leo Gassmann,0.8634368
Leo,Maurizio Leo,0.94092
Leo,Léo Duarte,0.9536712
Leo,Leo Valiani,0.8919694
Leonardo-Finmeccanica,Mauro Moretti,0.8247334
Leonardo-Finmeccanica,Leonardo da Vinci,0.82193696
Letitia James,Bill de Blasio,0.814475
Letitia James,Charlotte Crosby,0.79163396
Letta,Enrico Letta,0.93503994
Letta,Gianni Letta,0.93444926
Letta,Giampaolo Letta,0.9114231
Letta,Giorgio Letta,0.9148225
Letta,Dario Franceschini,0.88434917
Letta,Letta Mbulu,0.8560549
"Letta

**Dalla guerra",Enrico Letta,0.83803594
"Letta

**Dalla guerra",Lucio Dalla,0.8156324
Licia Ronzulli,Licia Ronzulli,0.9999998
Licia Ronzulli,Anna Maria Bernini,0.8071327
Licia Ronzulli,Marta Fascina,0.8241408
Licia Ronzulli,Jole Santelli,0.8288399
Licia Ronzulli,Alessandro Sorte,0.81359756
Licia Ronzulli?,Licia Ronzulli,0.9621629
Licia Ronzulli?,Anna Maria Bernini,0.8203467
Licia Ronzulli?,Marta Fascina,0.8471743
Licia Ronzulli?,Jole Santelli,0.8442871
Licia Ronzulli?,Alessandro Sorte,0.8383436
Lopez Obrador,Andrés Manuel López Obrador,0.9563467
Lopez Obrador,Rishi Sunak,0.8129761
Lopez Obrador,Joe Biden,0.8171282
Lopez Obrador,Antonio López de Santa Anna,0.8194759
Lopez Obrador,Luis Cresencio Sandoval,0.828424
Lorenzin,Beatrice Lorenzin,0.9582197
Lorenzin,Carlo Collodi,0.85943496
Lorenzin,Lorenzino de' Medici,0.8337736
Lorenzin,Orlando Lorenzini,0.90256906
Loro,Igor Loro,0.93438864
Lou Dobbs,Lou Dobbs,1.0
Lou Dobbs,Kellyanne Conway,0.846393
Luana Alberta,Alberto Castagna,0.89130276
Luana Alberta,Amanda Lear,0.8773909
Luana Alberta,Isabella De Bernardi,0.88095665
Luana Alberta,Rocco Siffredi,0.85259986
Luana Alberta,Jane Fonda,0.85012376
Luca Teodori,Massimo Teodori,0.9449755
Luca Teodori,Teodoro Pellegrino,0.89989966
Luca Teodori,Luca Pacioli,0.9068442
Luca Teodori,Andrea Bosca,0.92303157
Lucia,Santa Lucia,0.9125136
Lucia,Lucia Bosè,0.9363317
Lucia,Lucia Annunziata,0.9278934
Lucia,Fedez,0.91134995
Lucia,Lucia Azzolina,0.8958739
Lucia Giovannini,Lucia Mannucci,0.8761604
Lucia Giovannini,Fabio Giovannini,0.9494941
Lucia Giovannini,Paolo Panelli,0.8901107
Lucia Giovannini,Enzo Biagi,0.8758773
Lucia Giovannini,Enzo Garinei,0.86433864
Luciano Canfora,Luciano Canfora,0.9999999
Luciano Canfora,Tucidide,0.8574599
Luciano Canfora,Concetto Marchesi,0.8566497
Luciano Canfora,Diego Fusaro,0.87235534
Luciano Canfora,Giancarlo Giannini,0.8974688
Luciano Canfora,Peter Gomez,0.88148975
"Luigi Di Bella..
Buon",Luigi Comencini,0.8565
"Luigi Di Bella..
Buon",Drupi,0.83120793
"Luigi Di Bella..
Buon",Nicola Di Bari (cantante),0.9061508
"Luigi Di Bella..
Buon",Luigi Tenco,0.84527147
"Luigi Di Bella..
Buon",Luigi Vanvitelli,0.8636543
"Luigi Di Bella..
Buon",Gianni Morandi,0.85091555
Luigi Marattin,Luigi Marattin,1.0
Luigi Marattin,Nichi Vendola,0.8054786
MESSAGGIO DI MEDVEDEV all'Occidente,Dmitrij Medvedev,0.8502093
MESSAGGIO DI MEDVEDEV all'Occidente,Mikheil Saak'ashvili,0.83163273
MESSAGGIO DI MEDVEDEV all'Occidente,Iosif Stalin,0.7620153
MESSAGGIO DI MEDVEDEV all'Occidente,Silvio Berlusconi,0.77657956
MESSAGGIO DI MEDVEDEV all'Occidente,Giulietto Chiesa,0.82763994
MESSAGGIO DI MEDVEDEV all'Occidente,Barack Obama,0.83846366
Macron,Emmanuel Macron,0.9218829
Macron,Brigitte Macron,0.9046335
Macron,Élisabeth Borne,0.8012463
Macron,Christine Lagarde,0.8701499
Maio,Luigi Di Maio,0.8551346
Maio,Sebastien De Maio,0.8471414
Maio,Salvatore Di Maio,0.87139773
Maio,Oscar Di Maio (1959),0.8777143
Maio,Olimpia Di Maio,0.8312875
Malanga,Malang Sarr,0.85847896
Malanga,Gerard Malanga,0.9314277
Malanga,Ben Malango,0.91319346
Malanga,Gino Strada,0.8343725
Malanga,Edie Sedgwick,0.8117748
Malanga,Jessie Burton,0.82931775
Malanga,François Truffaut,0.8312491
Manuel Valls,Manuel Valls,1.0000002
Manuel Valls,Emmanuel Macron,0.90288424
Manuel Valls,Jean-Marc Ayrault,0.86893904
Manuel Valls,Élisabeth Borne,0.8084171
Marattin,Luigi Marattin,0.94344246
Marattin,Nichi Vendola,0.8232043
Marcel de Graaff,Rembrandt,0.80448925
Marcel de Graaff,Laurențiu Rebega,0.81487083
Marco Cosentino,Nicola Cosentino,0.96129614
Marco Cosentino,Morgan (cantante),0.81565535
Marco Cosentino,Sergio Cosentino,0.9491205
Marco Mori,Marco Aurelio,0.90419245
Marco Mori,Marco (evangelista),0.88011986
Marco Mori,Papa Marco,0.87022984
Marco Mori,Claudia Mori,0.9346649
Marco Mori,Marco Mengoni,0.9182683
Marco Mori,Mark Strong,0.87330985
Marco Travaglio,Marco Travaglio,1.0000004
Marco Travaglio,Peter Gomez,0.8631264
Marco Travaglio,Antonio Padellaro,0.9014188
Marco Travaglio,Marco Lillo,0.9280218
Marco Travaglio,Renato Schifani,0.8400779
Marco Travaglio,Indro Montanelli,0.8538614
Marco Travaglio,Silvio Berlusconi,0.86214525
Maria Cristina Sacchi,Maria Cristina Pacifici,0.9724635
Maria Cristina Sacchi,Cristina di Danimarca,0.8767898
Maria Cristina Sacchi,Maria Sole Tognazzi,0.92005706
Maria Cristina Sacchi,Mara Sacchi,0.9115292
Maria Cristina Sacchi,Giovanna Mezzogiorno,0.8613579
Maria Cristina Sacchi,Carlo Ancelotti,0.8604396
Maria Cristina Sacchi,Francesco II Sforza,0.8411574
Maria Cristina Sacchi,Sparizione di Emanuela Orlandi,0.84512633
Maria Giovanna Maglie,Maria Giovanna Maglie,0.9999999
Maria Giovanna Maglie,Sparizione di Emanuela Orlandi,0.81825054
Maria Giovanna Maglie,Francesca Reggiani,0.8671781
Maria Giovanna Maglie,Massimo Fini,0.8295922
Maria Luisa Iannuzzo,Luisa Piccarreta,0.88821125
Maria Luisa Iannuzzo,Vittorio Emanuele di Savoia (1937),0.8221256
Maria Luisa Iannuzzo,Isa Danieli,0.88317794
Maria Rita Gismondo,Antonio Gramsci,0.8566038
Maria Rita Gismondo,Maria Floriani Squarciapino,0.8800545
Maria Rita Gismondo,Magda Olivero,0.8814562
Maria Stella Gelmini,Mariastella Gelmini,0.9035988
Maria Stella Gelmini,Anna Maria Bernini,0.8928776
Maria Stella Gelmini,Piergiorgio Odifreddi,0.7779987
Maria Stella Gelmini,Roberto Calderoli,0.8350606
Maria Stella Gelmini,Caterina Guzzanti,0.83989847
Maria Stella Gelmini,Luigi Nicolais,0.8164164
Maria Zakharova,Cagliostro,0.77922595
Marianna,Marianna Di Martino,0.8590649
Marianna,Marianna Morandi,0.92666966
Marianna,Marianna Aprile,0.9205724
Marianna,Monaca di Monza,0.7488433
Marianna,Marianna Scalfaro,0.9380193
Marianna,Marianna Madia,0.92602515
Marianna,Marianna Fontana,0.9202097
Mariano Bizzarri,Mariano Bizzarri,1.0000001
Mariano Bizzarri,Fulcanelli,0.83096796
Mario Draghi,Mario Draghi,0.99999994
Mario Draghi,Christine Lagarde,0.9010742
Mario Draghi,Giuseppe Conte,0.8729564
Mario Draghi,Marta Cartabia,0.8092676
Mario Draghi,Giorgia Meloni,0.8739449
Mario Giordano,Mario Giordano,0.9999996
Mario Giordano,Mario Giordano (scrittore),0.9147203
Mario Giordano,Mario Giordani,0.9352859
Mario Giordano,Giuseppe Brindisi,0.876979
Mario Giordano,Mariangela Giordano,0.9540474
Mario Giordano,Hoara Borselli,0.7789388
Mario Giordano,Maurizio Belpietro,0.869522
Mark Zuckerberg,Mark Zuckerberg,1.0000001
Mark Zuckerberg,Eduardo Saverin,0.85009706
Mark Zuckerberg,Dustin Moskovitz,0.80548805
Mark Zuckerberg,Chris Hughes,0.8903899
Massimo Andreoni,Giovanni Antonio Andreoni,0.9480313
Massimo Andreoni,Luca Cordero di Montezemolo,0.78124845
Massimo Andreoni,Massimo Severo Giannini,0.8928186
Massimo Andreoni,Giacomo Matteotti,0.8509931
Massimo Andreoni,Giuseppe Saragat,0.84459645
Massimo Andreoni,Sandro Pertini,0.8170488
Massimo Garavaglia,Massimo Garavaglia,1.0
Massimo Garavaglia,Dario Franceschini,0.8910403
Massimo Garavaglia,Daniela Santanchè,0.91755235
Massimo Garavaglia,Laura Castelli,0.90254116
Massimo Garavaglia,Massimo Bitonci,0.94199204
Mattarella,Sergio Mattarella,0.9510355
Mattarella,Piersanti Mattarella,0.9529284
Mattarella,Laura Mattarella,0.93377215
Mattarella,Bernardo Mattarella,0.9460419
Matteo Gracis,Milarepa,0.82620615
Matteo Gracis,Nino Rota,0.8295755
Matteo Gracis,Elinor Ross,0.8679548
Matteo Renzi,Matteo Renzi,0.99999976
Matteo Renzi,Matteo Orfini,0.9678488
Matteo Renzi,Elly Schlein,0.80800915
Matteo Renzi,Dario Nardella,0.9112568
Matteo Renzi,Dario Franceschini,0.88393545
Matteo Salvini,Matteo Salvini,0.99999994
Matteo Salvini,Matteo Maria Zuppi,0.8883279
Matteo Salvini,Giorgia Meloni,0.9098414
Matteo Salvini,Luigi Di Maio,0.83667874
Matteo Salvini,Luciana Lamorgese,0.8055248
Matteo Salvini,Giancarlo Giorgetti,0.8757976
Mauro Biglino,Mauro Biglino,0.9999998
Mauro Biglino,Marco Columbro,0.8854072
Mauro Biglino,Giulietto Chiesa,0.8803811
Mauro Biglino,Zecharia Sitchin,0.76368237
Maxar,Išxan Geloyan,0.81925803
Maxwell,Stella Maxwell,0.9140147
Maxwell,Ghislaine Maxwell,0.82379055
Maxwell,Maxwell Scherrer Cabelino Andrade,0.82084674
Maxwell,James Clerk Maxwell,0.8130946
Maxwell,Daphne Maxwell Reid,0.88878083
Maxwell,Maxwell Alexander,0.94082236
Mazzoni,Carlo Mazzone,0.8185525
Mazzoni,Gianfranco Mazzoni,0.9091792
Mazzoni,Erminia Mazzoni,0.9147779
Mazzoni,Guido Mazzoni,0.908148
Mazzoni,Giuseppe Mazzoni,0.9085477
Mazzoni,Eleonora Mazzoni,0.9078778
Mazzoni,Guido Mazzoni (letterato),0.86410654
Mazzoni,Angiolo Mazzoni,0.91099733
Medici,Lorenzo de' Medici,0.83195305
Medici,Caterina de' Medici,0.84438264
Medici,Cosimo de' Medici,0.86796725
Medici,Cosimo I de' Medici,0.8446069
Medici,Checco Zalone,0.84601605
Medici,Papa Leone X,0.8044809
Medici,Papa Clemente VII,0.7976848
Megan Fox,Megan Fox,0.9999997
Megan Fox,Megan Rain,0.9438742
Meloni,Giorgia Meloni,0.94809186
Meloni,Marco Meloni (politico),0.8786314
Meloni,Christopher Meloni,0.9292824
Meloni,Alessandra Meloni,0.93740976
Meloni,Guido Crosetto,0.89113617
Meluzzi,Alessandro Meluzzi,0.9550142
Meluzzi,Salvatore Meluzzi,0.9590799
Meluzzi,Diego Fusaro,0.87323374
Menomale,Enrico Montesano,0.85280466
Menomale,Georges Brassens,0.8670089
Merde,Amanda Lear,0.85898924
Merde,Leos Carax,0.83374316
Merde,Fabrizio Bracconeri,0.87553847
Merde,Piero Manzoni,0.8461225
Merde,Alfred Jarry,0.84323245
Merde,Napoleone Bonaparte,0.87186503
Merde,Armando De Razza,0.85335475
Merkel,Angela Merkel,0.9265792
Merkel,Alexander Merkel,0.9168725
Merkel,Una Merkel,0.8874974
Merkel,Olaf Scholz,0.83256835
Merkel,Adolf Merkel,0.9266962
Merrick Garland,Merrick Garland,1.0000001
Merrick Garland,Joe Biden,0.80194664
Merrick Garland,Jake Sullivan,0.8335805
Merrick Garland,Antony Blinken,0.8534064
Merrick Garland,Janet Yellen,0.8141361
Merrick Garland,Lloyd Austin,0.7774861
Michael Yeadon,Albert Flatley,0.84720266
Michael Yeadon,Tommy Eyre,0.8057319
Michael Yeadon,Clare Hoffman,0.7841404
Michael Yeadon,Francis Hyland,0.81523013
Michael Yeadon,David Beatty,0.8178097
Michele Santoro,Michele Santoro,1.0000001
Michele Santoro,Serena Dandini,0.88809705
Michele Santoro,Francesca Fagnani,0.8358497
Michele Santoro,Enzo Biagi,0.89410275
Michele Santoro,Marco Travaglio,0.9243127
Michele Santoro,Lucio Presta,0.8838023
Montagner,Eduardo Montagner Anguiano,0.87243915
Montagner,Gigi D'Agostino,0.78181195
Montagner,Gildo Montagner,0.9096919
Montagnier,Luc Montagnier,0.9604857
Montagnier,Robert Gallo,0.8611623
Montagnier,Françoise Barré-Sinoussi,0.8296286
Montagnier,Rita Levi-Montalcini,0.76622605
Montanari,Tomaso Montanari,0.93176186
Montanari,Francesco Montanari (attore),0.86580026
Montanari,Massimo Montanari,0.9333248
Montanari,Raul Montanari,0.9313507
Montanari,Danila Comastri Montanari,0.83858365
Monti,Mario Monti,0.9229208
Monti,Silvia Monti,0.9248985
Monti,Vincenzo Monti,0.93195087
Mori,Claudia Mori,0.90647286
Mori,Simone Mori,0.9127678
Mori,Cesare Mori,0.89610994
Mori,Renato Mori,0.8873219
Mori,Mario Mori,0.89497036
Mosse,George Mosse,0.880376
Mosse,Kate Mosse,0.89558536
Mosse,Claude Mossé,0.8829093
Mosse,Albert Mosse,0.89202225
Mosse,Rudolf Mosse,0.8870433
Mosse,Markus Mosse,0.8909364
Mr,Mr. Rain,0.88892615
Mr,Mr. T,0.8930293
Mr,Mr. Marcus,0.8986355
Mr Pool(e,Mr. Marcus,0.927146
Mr Pool(e,Jim Carrey,0.82230514
Mr Pool(e,William Hurt,0.85095716
Mr Pool(e,Sean Michaels,0.80502284
Mr Pool(e,Paul Newman,0.7875468
Mr Pool(e,Steven St. Croix,0.880629
Mueller,Armin Mueller-Stahl,0.83250713
Mueller,Otto Mueller,0.91435724
Mueller,Cookie Mueller,0.90977335
Mueller,Robert Mueller,0.9045402
Mueller,Jessie Mueller,0.8873193
Mueller,Tom Mueller,0.91025436
Mueller,Tex Mueller,0.9091147
Musk,Elon Musk,0.8265667
Mussolini,Benito Mussolini,0.945175
Mussolini,Alessandra Mussolini,0.9282749
Mussolini,Romano Mussolini,0.9298136
Mussolini,Vittorio Mussolini,0.9249059
Mussolini,Bruno Mussolini,0.9168514
Mussolini,Arnaldo Mussolini,0.92630327
Nancy Pelosi,Nancy Pelosi,1.0000002
Nancy Pelosi,Nancy Reagan,0.94295835
Nancy Pelosi,Donald Trump,0.8455275
Napoleone,Napoleone Bonaparte,0.94791806
Napoleone,Napoleone III di Francia,0.8027194
Napoleone,Napoleone II di Francia,0.83898187
Napoleone,Napoleone Luigi Bonaparte,0.9006741
Napoleone,Napoleone Vittorio Bonaparte,0.89313275
Napolitano,Giorgio Napolitano,0.9379503
Napolitano,Luca Napolitano,0.94184166
Napolitano,Stefano Napolitano,0.95043725
Napolitano,Umberto Napolitano,0.9370836
Napolitano,Norberto Napolitano,0.9336732
Napolitano,Nicola Napolitano,0.94033957
Napolitano,Francesco Napolitano,0.9498567
Natalia,Natalia Ginzburg,0.9291134
Natalia,Natalia Tena,0.8599981
Natalia,Natalia Dyer,0.90182817
Natalia,Natalia Estrada,0.9488309
Natalia,Natalia Aspesi,0.889004
Natalia,Natalia Bush,0.9288121
Natalia,Natalia Gavrilița,0.85980606
Natalia,Natalia Titova,0.9409691
Ne,Ne-Yo,0.9089743
Ne,Ne Win,0.9326658
Netta,Netta Barzilai,0.8233177
Nicola Fratoianni,Nicola Fratoianni,0.99999976
Nicola Fratoianni,Arturo Scotto,0.89022225
Nicola Fratoianni,Giuditta Pini,0.8853147
Nicola Zingaretti,Nicola Zingaretti,1.0000002
Nicola Zingaretti,Luca Zingaretti,0.97317636
Nicola Zingaretti,Renata Polverini,0.8907962
Nicola Zingaretti,Valentina Cuppi,0.8490639
Nicola Zingaretti,Elly Schlein,0.8161007
Nicola Zingaretti,Enrico Letta,0.89269257
Nicolaus Fest,Nicolaus Gallus,0.8047885
Nicolaus Fest,Adolf Hitler,0.8195628
Nicolaus Fest,Albert Speer,0.8208113
Nicolaus Fest,Martin Bormann,0.78536344
Nicolaus Fest,Joseph Goebbels,0.8232026
Nicolaus Fest,Hermann Fegelein,0.78578246
Nole Djokovic,Novak Đoković,0.85630906
Nole Djokovic,Stan Wawrinka,0.9120746
Nole Djokovic,Matteo Berrettini,0.7836096
Nole Djokovic,Roger Federer,0.9615512
Nole Djokovic,Lorenzo Sonego,0.7909654
Norman Fenton,Leslie Fenton,0.97019017
Norman Fenton,Ian McKellen,0.85837936
Nove,Aldo Nove,0.93037415
Nunzia Alessandra Schiliro,Vitaliano Brancati,0.82070243
Obama,Barack Obama,0.95620906
Obama,Michelle Obama,0.94645107
Obama,"Barack Obama, Sr.",0.9005341
Obama,Hillary Clinton,0.91199195
Obama,Youssef Obama,0.94085914
Obama,Salomón Obama,0.9385378
Olaf Scholz,Olaf Scholz,1.0
Olaf Scholz,Rishi Sunak,0.8298595
Olaf Scholz,Giorgia Meloni,0.85179555
Oleg Artemyev,Oleg Artem'ev,0.8573675
Olga Skorobogatova,Edith Bruck,0.78251797
Oliver Stone,Oliver Stone,1.0
Oliver Stone,Michael Douglas,0.8847284
Oliver Stone,Aaron Taylor-Johnson,0.8620549
Olivier,Olivier Giroud,0.93620735
Olivier,Laurence Olivier,0.9257802
Olivier,Olivier Assayas,0.87122625
Olivier,Olivier Martinez,0.92676806
Olivier,Gabriel Garko,0.8498884
Olivier,Olivier Dacourt,0.85098726
Olivier,Olivier Messiaen,0.856619
Olivier,Olivier Rousteing,0.80634916
Oliviero,Gabriel Garko,0.85308295
Oliviero,Oliviero Toscani,0.929148
Oliviero,Oliviero Diliberto,0.8235862
Oliviero,Oliviero Dinelli,0.84794056
Oliviero,Oliviero Beha,0.8826399
Oliviero,Olivier Giroud,0.90418607
Oliviero,Oliviero Corbetta,0.9343152
Oliviero,Oliviero Troia,0.8767586
Oliviero,Oliviero Garlini,0.8594479
Oliviero:,Gabriel Garko,0.84634274
Oliviero:,Oliviero Toscani,0.899105
Oliviero:,Oliviero Diliberto,0.8234848
Oliviero:,Oliviero Dinelli,0.83932656
Oliviero:,Oliviero Beha,0.87079746
Oliviero:,Oliviero Corbetta,0.90646017
Oliviero:,Olivier Giroud,0.8987038
Oliviero:,Oliviero Troia,0.86863244
Oliviero:,Oliviero Garlini,0.8433674
Orban,Viktor Orbán,0.91158617
Orban,Willi Orban,0.91903305
Orban,Lucas Orbán,0.91983783
Orban,Ludovic Orban,0.92792404
Orban,Giorgia Meloni,0.86842525
Orbán,Viktor Orbán,0.91158617
Orbán,Lucas Orbán,0.91983783
Orbán,Willi Orban,0.91903305
Orbán,László Orbán,0.8300532
Orbán,Mónika Orbán,0.93469775
Orbán,Giorgia Meloni,0.86842525
Ornella Mariani,Ornella Vanoni,0.949556
Ornella Mariani,Cristina di Svezia,0.8337373
Ornella Mariani,Carlo I d'Angiò,0.7634046
Ornella Mariani,Teodora (moglie di Giustiniano),0.7953502
Ornella Mariani,Papa Clemente IV,0.8169929
Ornella Mariani,Caterina Visconti,0.87019974
Ornella Mariani,Vitichindo,0.788552
Orsini,Clarice Orsini,0.78563446
Orsini,Umberto Orsini,0.918713
Orsini,Felice Orsini,0.8952481
Orsini,Papa Benedetto XIII,0.7707043
Orsini,Francesco Orsini,0.9145977
Orwell,George Orwell,0.9357992
P.S. Godetevi,Irvine Welsh,0.74063593
"PROBLEMI A FARLO
PER FAVORE",Maria Antonietta d'Asburgo-Lorena,0.75598454
"PROBLEMI A FARLO
PER FAVORE",Mary Ann Cotton,0.80833787
PUTIN,Vladimir Putin,0.9529681
PUTIN,Ljudmila Putina,0.8187982
PUTIN,Dmitrij Medvedev,0.8458034
PUTIN,Evgenij Prigožin,0.7631558
Pagella Politica,Augusta Montaruli,0.7736411
Pagella Politica,Maurizio Leo,0.8305849
Pagella Politica,Carlo Calenda,0.81188685
Pagella Politica,Vittoria Baldino,0.7966725
Pagella Politica,Carlo Nordio,0.7937015
Pagella Politica,Luigi Di Maio,0.7746843
"Paolo Andrea

",Paolo Andrea Colombo,0.9548851
"Paolo Andrea

",Paolo di Tarso,0.8780266
"Paolo Andrea

",Paolo Kessisoglu,0.82277566
"Paolo Andrea

",Andrea Bosca,0.9185475
"Paolo Andrea

",Andrea Delogu,0.91303277
"Paolo Andrea

",Andrea Doria,0.9059322
"Paolo Andrea

",Andrea Renzi (attore),0.85394067
Paolo Bellavite,Paolo Villaggio,0.8301795
Paolo Bellavite,Marisa Laurito,0.73851496
Paolo Bellavite,Gian Giacomo Caprotti,0.7714039
Paolo Bellavite,Luigi Pirandello,0.7207316
Paolo Bellavite,Marina Lotar,0.75605667
Paolo Maddalena,Paolo Maddalena,0.9999999
Paolo Maddalena,Maria Maddalena,0.9647523
Paolo Maddalena,Maria Maddalena Morelli,0.94106734
Paolo Maddalena,Maddalena Corvaglia,0.9117516
Paolo Maddalena,Maddalena Maggi,0.94418526
Paolo Maddalena,Maddalena di Canossa,0.85614955
Paolo Romani,Paolo Romani,0.99999964
Paolo Romani,Paolo di Tarso,0.8676487
Paolo Romani,Paolo Romano (attore),0.8706044
Paolo Romani,Paolo Carta,0.9316211
Paolo Romani,Paolo Romano (politico),0.87643707
Paolo Romani,Paolo Romano (scultore),0.8765678
Paolo Romani,Papa Paolo VI,0.86654526
Papa Francesco,Papa Francesco,0.99999994
Papa Francesco,Papa Benedetto XVI,0.94412315
Papa Francesco,Papa Giovanni Paolo I,0.89943945
Papa Francesco,Papa Giovanni XXIII,0.8894614
Papa Francesco,Francesco d'Assisi,0.8702954
Papa Francesco,Papa Paolo VI,0.908873
Papà,Papa Francesco,0.93274117
Paragone,Gianluigi Paragone,0.91912234
Parenzo,David Parenzo,0.9491116
Parenzo,Cesare Parenzo,0.9442408
Parenzo,Sandro Parenzo,0.9432422
Parenzo,Giuseppe Cruciani,0.9251644
Patel Patriot,Hasan Minhaj,0.81145275
Patuanelli,Stefano Patuanelli,0.95222354
Patuanelli,Alessia Morani,0.8336169
Patuanelli,Massimiliano Fedriga,0.805213
Patuanelli,Luigi Di Maio,0.77349055
Patuanelli,Francesco Lollobrigida,0.8368647
Patuanelli,Matteo Salvini,0.82340306
Patuanelli,Giancarlo Giorgetti,0.8259233
Paul Alexander,Paul Alexander,1.0000002
Paul Alexander,Logan Paul,0.9230535
Paul Alexander,Paul Alexander Nolan,0.9664624
Paul Alexander,Paul A. Baran,0.8715161
Paul Alexander,Paul Coutts,0.86080664
Paul Alexander,Jermaine Beckford,0.8326751
Paul Alexander,J. D. Salinger,0.77182126
Paul Pelosi,Nancy Pelosi,0.9306349
Paul Pelosi,Cristiano Malgioglio,0.8805723
Paul Pelosi,Paul Ryan,0.954023
Paul Pelosi,Ron Jeremy,0.90907747
Paul Thomas,Paul Thomas Anderson,0.9640818
Paul Thomas,Paul Thomas,1.0000001
Paul Thomas,Thomas Mann,0.941509
Paul Thomas,Paul Dano,0.90701807
Paul Thomas,Thomas Jane,0.95630527
Pazienza,Andrea Pazienza,0.9474496
Pazienza,Michele Pazienza,0.93962395
Pazienza,Francesco Pazienza,0.9499076
Pazienza,Vinny Paz,0.89489865
Pazienza,Giulia Pazienza,0.9546379
Pen,Marine Le Pen,0.8321835
Pen,Jean-Marie Le Pen,0.8390228
Pen,Marion Maréchal,0.80284715
Pensavo,Vittorio Viviani,0.8615322
Pensavo,Massimo Troisi,0.86838
Pensavo,Francesca Neri,0.8717855
Pensavo,Anna Pavignano,0.8375504
Pensavo,Ilaria Spada,0.8673909
Peppe,Peppe Servillo,0.9224532
Peppe,Peppe Zarbo,0.8851113
Peppe,Peppe Barra,0.9391928
Peppe,Peppe Lanzetta,0.9518707
Peppe,Peppe Quintale,0.9511632
Peppe,Giuseppe Diana,0.9047962
Pertini,Sandro Pertini,0.94427514
Pertini,Carla Voltolina,0.8344219
Pertini,Giuliano Vassalli,0.8942176
Pertini,Filippo Turati,0.8931098
Pesaro Gnudi,Giorgio Morandi,0.7962965
Pesaro Gnudi,Andrea Emiliani,0.83643705
Pesaro Gnudi,Giovanni Branca,0.8074674
Peter Daszak,Shi Zhengli,0.8400382
Piccard,Auguste Piccard,0.8854307
Piccard,Jacques Piccard,0.8642668
Piccard,Roy Piccard,0.87379265
Piccard,Bertrand Piccard,0.8792388
Piccard,Jean-Felix Piccard,0.82961285
Piccard,Piccarda Donati,0.8281716
Piers Corbyn,Piers Corbyn,1.0
Piers Corbyn,Jeremy Corbyn,0.9324143
Pillay,Navanethem Pillay,0.9180284
Pillay,Kim Jong-un,0.8216249
Poeta,Dante Alighieri,0.8622399
Poeta,Giuseppe Poeta,0.94716257
Poeta,Gabriele D'Annunzio,0.81678534
Poeta,Marco Poeta,0.93127024
Poroshenko,Vitalij Klyčko,0.81154764
Poroshenko,Volodymyr Zelens'kyj,0.7999958
Poroshenko,Mikheil Saak'ashvili,0.7836076
Presidente Trump,Donald Trump,0.9188459
Presidente Trump,Ivana Trump,0.89448327
Presidente Trump,Ivanka Trump,0.8620037
Presidente Trump,Eric Trump,0.9098288
"Prodi

",Romano Prodi,0.94334537
"Prodi

",Giorgio Prodi,0.9361913
"Prodi

",Paolo Prodi,0.93754065
"Prodi

",Giovanni Prodi,0.9400169
"Prodi

",Franco Prodi,0.9464779
"Prodi

",Vittorio Prodi,0.939543
Prüm II,Lotario I,0.8551883
Prüm II,Ludovico II il Giovane,0.8409356
Prüm II,Lotario II di Lotaringia,0.84222245
Prüm II,Carlo Magno,0.83795667
Putin,Vladimir Putin,0.9529681
Putin,Ljudmila Putina,0.8187982
Putin,Dmitrij Medvedev,0.8458034
Putin,Evgenij Prigožin,0.7631558
Q)Anon,Ron Watkins,0.8140607
Q)Anon,Marchese de Sade,0.76107365
Q.,Maggie Q,0.92963684
Q.                 ,Maggie Q,0.92963684
Q. La Russia,Nicola II di Russia,0.8306146
R.Regan,Eddie Murphy,0.76505363
R.Regan,Joe R. Lansdale,0.9186295
R.Regan,Laurence R. Harvey,0.9467761
RICORDATO,John Cazale,0.83756167
RICORDATO,Claudio Massimo,0.8854462
Randy Grossman,Randy Grossman,0.9999999
Randy Grossman,Mike Webster,0.8341254
Randy Grossman,Terry Bradshaw,0.8814901
Randy Grossman,Donnie Shell,0.8870155
Randy Grossman,Franco Harris,0.90568715
Randy Grossman,Lynn Swann,0.8434741
Randy Grossman,Steve Furness,0.88882697
Re,Ré,0.99999976
Recarey,Elza Soares,0.82496977
Regina,Rania di Giordania,0.81644785
Regina,Regina Bianchi,0.90681505
Regina,Regina di Saba,0.8254026
Regina,Regina Orioli,0.86911565
Regina                                               ,Rania di Giordania,0.81644785
Regina                                               ,Regina Bianchi,0.90681505
Regina                                               ,Regina di Saba,0.8254026
Regina                                               ,Regina Orioli,0.86911565
Reinhart,Lili Reinhart,0.9512323
Reinhart,Django Reinhardt,0.8157656
Reinhart,Haley Reinhart,0.94939053
Reinhart,Reinhart Koselleck,0.925287
Reinhart,Anna Barbara Reinhart,0.9240949
Reinhart,Fabio Reinhart,0.94596326
Reinhart,Carmen Reinhart,0.946913
Renzi,Matteo Renzi,0.9501189
Renzi,Andrea Renzi (attore),0.8808892
Renzi,Lorenzo Renzi (attore),0.8688668
Renzi,Eva Renzi,0.92575395
"Renzi

",Matteo Renzi,0.9501189
"Renzi

",Andrea Renzi (attore),0.8808892
"Renzi

",Lorenzo Renzi (attore),0.8688668
Reuters Ihor,Volodymyr Zelens'kyj,0.75374544
Reuters Ihor,Mikheil Saak'ashvili,0.7809247
Riccardo Ortolani,Riz Ortolani,0.94429344
Riccardo Ortolani,Vittorio Occorsio,0.8520223
Riccardo Ortolani,Lina Wertmüller,0.89083064
Ricciardi,Franco Ricciardi,0.9183158
Ricciardi,Walter Ricciardi,0.91353536
Ricciardi,Daniel Ricciardo,0.88057446
Richard Montgomery High School,Wolfgang Bodison,0.85069335
Richard Montgomery High School,Richard T. Jones,0.8798176
Richard Montgomery High School,Damon Wayans,0.8550273
Richard Montgomery High School,Ben Stein,0.8128398
Richard Montgomery High School,Nathan Fillion,0.84702516
Richard Montgomery High School,Flavio Aquilone,0.85826933
Richard Montgomery High School,Osama bin Laden,0.8090503
Richard Montgomery High School,Elizabeth Taylor,0.87212884
Rimosso,Giovanni Perissinotto (dirigente),0.82701576
Rob Bauer,Trevor Bauer,0.9724675
Rob Bauer,Kiefer Sutherland,0.80842465
Rob Bauer,Luca Ward,0.88140744
Rob Bauer,Melanie Griffith,0.88538307
Roba,MadMan,0.91034985
Robby Mook,Hillary Clinton,0.85042644
Robby Mook,Lil Keed,0.8902352
Robert Kadlec,Roberto Baggio,0.8159246
Robert Kadlec,Pavel Nedvěd,0.79272115
Robert Kadlec,Matěj Vydra,0.8201455
Robert Kennedy,Robert F. Kennedy Jr.,0.9183574
Robert Kennedy,Ethel Skakel Kennedy,0.8690092
Robert Malone,Roberto Malone,0.9624639
Robert Malone,Jena Malone,0.95404446
Robert Malone,Dorothy Malone,0.9607108
Robert Mueller,Robert Mueller,0.9999999
Robert Mueller,Donald Trump,0.87445426
Robert Mueller,Michael T. Flynn,0.81889224
Robert Mueller,James Comey,0.8489808
Robert Reich,Robert Reich,0.99999976
Robert Reich,Paul von Hindenburg,0.8507822
Roberto Fico,Roberto Fico,1.0
Roberto Fico,Robert Fico,0.9614553
Roberto Fico,Fabio Rampelli,0.83264834
Roberto Garofoli,Roberto Garofoli,0.9999996
Roberto Garofoli,Alfredo Mantovano,0.87360686
Roberto Garofoli,Pier Carlo Padoan,0.81309104
Roberto Garofoli,Giulia Bongiorno,0.8655918
Roberto Gava,Vannia Gava,0.8547434
Roberto Gava,Fabio Gava,0.95950574
Roberto Gava,Giulio Tarro,0.9158556
Roberto Gava,Roberto Antonione,0.93033123
Roberto Gava,Ciro Cirillo,0.8822653
Roberto Gava,Raffaele Cutolo,0.8925566
Roberto Speranza,Roberto Speranza,1.0
Roberto Speranza,Edoardo Agnelli (imprenditore 1892),0.8221493
Roberto Speranza,Roberto Giachetti,0.9415077
Roberto Speranza,Walter Ricciardi,0.8963616
Roberto Speranza,Pier Luigi Bersani,0.85108364
Roberto Speranza di Leu,Roberto Speranza,0.8861002
Roberto Speranza di Leu,Michela Rostan,0.8295859
Roberto Speranza di Leu,Pier Luigi Bersani,0.7889632
Roberto Speranza di Leu,Paola De Micheli,0.81272185
Roby Dentro,Franco Nero,0.8521986
Roby Dentro,J-Ax,0.7902528
Roby Dentro,Fiorello,0.8732094
Roby Dentro,Pacifico (cantante),0.7367473
Roby Dentro,Scialpi,0.86440355
Roe v,Paul Mescal,0.83482826
Roe v,Jamie Kennedy,0.85379565
Roe v,Zoey Deutch,0.8095056
Roe v,Sarah Weddington,0.8241916
Roger,Roger Waters,0.9561258
Roger,Roger Schmidt,0.9320649
Roger,Roger Ibañez,0.91022456
Roger,Roger Moore,0.93519974
Roger,Roger Ailes,0.89165914
Roger,Roger Federer,0.9390106
Roger,Roger Penrose,0.8911299
Roger,Roger Corman,0.874805
Roger Waters,Roger Waters,0.9999995
Roger Waters,Syd Barrett,0.8898258
Rothschild,"Walter Rothschild, II barone Rothschild",0.8057896
Rothschild,Mayer Amschel Rothschild,0.78186345
Rothschild,Carl Mayer von Rothschild,0.8296023
Russell Blaylock,Wyatt Earp,0.8083899
Russell Blaylock,Dikembe Mutombo,0.81642276
Russell Blaylock,Vlade Divac,0.84955156
Russell Blaylock,Danny Ferry,0.8367335
Russo,Giuni Russo,0.91233265
Russo,Carmen Russo,0.91618294
Russo,Adriana Russo,0.92571646
Russo,Nello Russo,0.93089044
Rutte,Mark Rutte,0.8793369
Rutte,Ursula von der Leyen,0.7805085
Ryan Cole,Gary Cole,0.9623405
Ryan Cole,J. Cole,0.90672463
Ryan Cole,Cole Porter,0.9453029
Ryan Cole,Isaac Cole Powell,0.9216951
SARS-CoV-2,Luc Montagnier,0.76584077
Sabina Guzzanti,Sabina Guzzanti,0.99999976
Sabina Guzzanti,Corrado Guzzanti,0.98176634
Sabina Guzzanti,Caterina Guzzanti,0.9688271
Sabina Guzzanti,Serena Dandini,0.8973882
Sabina Guzzanti,Oriana Fallaci,0.907453
Sabina Guzzanti,Corrado Luigi Guzzanti,0.95016825
Sabino Paciolla,Robert Sarah,0.85891676
Safire,Safiria Leccese,0.9053769
Safire,Alisson Safira,0.91344225
Salem Media,Ben Shapiro,0.7914374
Salem Media,Salem Al Fakir,0.82749844
Salem Media,Rob Zombie,0.83556545
Salvini,Matteo Salvini,0.9471486
Salvini,Tommaso Salvini,0.9472902
Salvini,Lino Salvini,0.9425192
Salvini,Giorgio Salvini,0.938891
Salvini,Guido Salvini (giudice),0.8870447
Samantha Herrera,Domitilla D'Amico,0.7640872
Samantha Herrera,Erica Necci,0.8507242
Samantha Herrera,Rita Savagnone,0.8691558
Samantha Herrera,Gaby Hoffmann,0.9016334
Sandro Pertini,Sandro Pertini,0.9999999
Sandro Pertini,Carla Voltolina,0.80949926
Santoro,Michele Santoro,0.9552305
Santoro,Rodrigo Santoro,0.9381062
Santoro,Filippo Santoro,0.9543935
Santoro,Sergio Santoro,0.93741626
Santoro,Santorio Santorio,0.77007854
Santoro,Fabrice Santoro,0.89162207
Santoro,Matteo Santoro,0.9413115
Sara Cunial,Sara Cunial,0.99999976
Sara Cunial,Andrea Colletti,0.806466
Sara Cunial,Silvana De Mari,0.82333934
Sara Gandini,Rino Gandini,0.8879957
Sara Gandini,Simona Ventura,0.862841
Sarah Kellen,Ian McKellen,0.8475162
Sarah Kellen,Helen Mirren,0.90932715
Sarah Kellen,Patrick Stewart,0.8636342
Sarah Kellen,Jason Robards,0.82360375
Scavino,Piero Gobetti,0.8097319
Scavino,Pajtim Statovci,0.770049
Scavino,Miguel Benasayag,0.75641114
Schifoso,David Foster Wallace,0.8027876
Schmitt,Carl Schmitt,0.8823011
Schmitt,Harrison Schmitt,0.8777536
Schmitt,Bertram Schmitt,0.8625711
Schmitt,Éric-Emmanuel Schmitt,0.84452903
Schmitt,Al Schmitt,0.8828949
Schmitt,Vivian Schmitt,0.89067435
Schmitt,Pál Schmitt,0.8989916
Scholz,Olaf Scholz,0.9457806
Scholz,Tom Scholz,0.94860125
Scholz,Ronny Scholz,0.9491931
Scholz,Josip Scholz,0.94621694
Scholz,Georg Scholz,0.93903315
Scholz,Fritz von Scholz,0.9301992
Schwab,Klaus Schwab,0.9482323
Schwab,Stefan Schwab,0.94424725
Schwab,V. E. Schwab,0.8684305
Schwab,Gustav Schwab,0.95877755
Schwab,Charlotte Schwab,0.9394132
Schwab,Oscar Schwab,0.94106174
Scriverò,Francesco Renga,0.840657
Scriverò,Michele Canova Iorfida,0.83811426
Segre,Liliana Segre,0.91345227
Segre,Emilio Segrè,0.8988308
Segre,Jacopo Segre,0.91432256
Segre,Andrea Segre,0.9063043
Segre,Cesare Segre,0.8852569
Segre,Alberto Segre,0.9035864
Segre,Bruno Segre,0.89235145
Segre,Andrea Segrè,0.9063043
Senatrice,Liliana Segre,0.8880075
Senatrice,Alessandra Maiorino,0.8871863
Senatrice,Elena Cattaneo,0.9121764
Senatrice,Annamaria Furlan,0.90094763
Senatrice,Rita Levi-Montalcini,0.8109938
Senatrice,Barbara Floridia,0.8957782
Senatrice,Stefania Craxi,0.89045286
Sergei Lavrov,Sergej Viktorovič Lavrov,0.95186365
Sergey Korsakov,Sergej Sergeevič Korsakov,0.97166216
Sergey Korsakov,Sergej Korsakov,0.9920634
Sergey Korsakov,Sergej Vasil'evič Rachmaninov,0.88359004
Sergey Korsakov,Sergej Larin,0.9082643
Sergey Korsakov,Sergej Sergeevič Prokof'ev,0.9360757
Sergey Korsakov,Haykanowš Danielyan,0.86096907
Sergey Korsakov,Sergej Ivanovič Taneev,0.92996466
Sgarbi,Vittorio Sgarbi,0.95902795
Sgarbi,Elisabetta Sgarbi,0.9437364
Sgarbi,Giuseppe Sgarbi,0.96147346
Sgarbi,Filippo Sgarbi,0.9608959
Sgarbi,Abdon Sgarbi,0.86382157
Shinzo Abe,Shinzō Abe,0.99999964
Shinzo Abe,Yoshihide Suga,0.85999423
Sieni,Virgilio Sieni,0.9345083
Sieni,Carlo Fuortes,0.78507
Sieni,Nada (cantante),0.7651314
Sieni,Sandro Botticelli,0.77568936
Sieni,Manuela Kustermann,0.7776107
Sieni,Alessandro Leogrande,0.7662405
Sieni,Felice Cappa,0.82152295
Signori,Giuseppe Signori,0.9433098
Sileri,Pierpaolo Sileri,0.93909883
Sileri,Alessandro Cecchi Paone,0.78070825
Sileri,Andrea Costa (politico 1970),0.81438476
Sileri,Marko Ivan Rupnik,0.8237476
Sileri,Freddie Prinze Jr.,0.82664454
Siluanov,Anton Siluanov,0.96345127
Siluanov,Andrej Rėmovič Belousov,0.898894
Silvana De Mari,Silvana De Mari,0.9999999
Silvana De Mari,Silvano Mari,0.9236078
Silvana De Mari,Silvana Pampanini,0.8759113
Silver,Silver (fumettista),0.8716688
Silver,Ron Silver,0.91701794
"Silver

",Silver (fumettista),0.8716688
"Silver

",Adam Silver,0.9157161
Silvio Brusaferro,Silvio Brusaferro,0.99999994
Silvio Brusaferro,Walter Ricciardi,0.854038
Silvio Brusaferro,Giuseppe Remuzzi,0.8637904
Simona,Simona Ventura,0.9303824
Simona,Simona Halep,0.95160365
Simona,Simona Sparaco,0.8848412
Simona,Simona Tabasco,0.95316255
Simona,Simona Izzo,0.9334539
Simona,Simona Bonafè,0.9246359
Simona,Simona Renata Baldassarre,0.8999903
Simona,Simona Borioni,0.89313763
Simona,Simona Cavallari,0.9356409
Sjogren,Henrik Sjögren,0.9747375
Sjogren,Jens Sjögren,0.98197734
Sjogren,Gabriele Rossi (attore),0.76532316
Sjogren,Martin Sjögren,0.9700168
Soros,George Soros,0.9216713
Soros,Tivadar Soros,0.805224
Spacey,Kevin Spacey,0.90871286
Sperando,Sperandio (medaglista),0.795406
Sperando,Angelo Sperandio,0.8344657
Sperando,Gino Sperandio,0.82553744
Speranza,Roberto Speranza,0.9353411
Speranza,Ernst Bloch,0.83699703
Spike,Spike Lee,0.84950596
Spike,Spike Jonze,0.9204647
Spike,Spike Edney,0.8550036
Spike,Spike Dudley,0.9421623
Steele,Peter Steele,0.8897153
Steele,Riley Steele,0.90612113
Steele,Lexington Steele,0.8241844
Steele,Barbara Steele,0.8935759
Steele,Micki Steele,0.8269547
Steele,Jason Steele,0.90001017
Steele,Rocco Steele,0.87771016
Steele,George Steele,0.8855362
Steele,Brian Steele,0.90762293
Stefano,Stefano protomartire,0.8553682
Stefano,Alfredo Di Stéfano,0.8819122
Stefano,Stefano Bonaccini,0.94671667
Stefano,Stefano Borgonovo,0.89164203
Stefano,Stefano Feltri,0.91580486
Stefano,Stefano De Martino,0.89360976
Stefano,Stefano Pioli,0.92209107
Stefano  Puzzer,Pino Cabras,0.8616114
Stefano  Puzzer,Gianluigi Paragone,0.825079
Stefano Montanari,Francesco Montanari (attore),0.8953973
Stefano Montanari,Beppe Grillo,0.86913085
Stefano Montanari,Danila Comastri Montanari,0.88236266
Stefano Montanari,Eleonora Buratto,0.86564636
Stefano Paternò,Stefania Paterna,0.93131894
Stefano Paternò,Silvia Paternò di Spedalotto,0.9009105
Stefano Puzzer,Pino Cabras,0.8616114
Stefano Puzzer,Gianluigi Paragone,0.825079
Stefano Puzzer... Le,Pino Cabras,0.8361892
Stefano Puzzer... Le,Gianluigi Paragone,0.804461
Stefano Scoglio,Stefano Tacconi,0.94336474
Steve Kirsch,Italo Calvino,0.7841854
Stone,Emma Stone,0.9207759
Stone,Sharon Stone,0.91946554
Stone,Oliver Stone,0.9313059
Strano,Orazio Strano,0.9470741
Studiarsi,Édouard Manet,0.7656604
Studiarsi,Roddy McDowall,0.7780296
"Susanna Camusso

",Susanna Camusso,1.0000002
"Susanna Camusso

",Maurizio Landini,0.92715085
"Susanna Camusso

",Francesca Manzini,0.8797554
"Susanna Camusso

",Salvatore Settis,0.8661092
"Susanna Camusso

",Elisabetta Serafin,0.83804524
Sussmann,Wilhelm Süssmann,0.9377527
Sussmann,Louis Sussmann-Hellborn,0.8852326
Sylvia Browne,Sylvia Browne,1.0
Sylvia Browne,James Randi,0.8814535
TANTE ALTRE,Anna Tatangelo,0.8133006
TANTE ALTRE,Frank Matano,0.81392455
TANTE ALTRE,Gino Santercole,0.81828445
TANTE ALTRE,Rocco Tanica,0.81624705
TORNERÀ,Enric Torner,0.85659283
TORNERÀ,Michelle Yeoh,0.8190038
Tamponi,Franco Tamponi,0.8745742
Tamponi,Piero Tamponi,0.88091415
Tamponi,Nino Visconti,0.8515526
Tarro,Giulio Tarro,0.8753677
Tarro,Ludovico il Moro,0.80647707
"Teresa Bellanova

",Teresa Bellanova,1.0000001
"Teresa Bellanova

",Alessandro Morelli,0.8489273
"Teresa Bellanova

",Ettore Rosato,0.8410442
"Teresa Bellanova

",Elena Bonetti,0.87669563
Teresa Montesano,Antonello Dose,0.8776527
Teresa Montesano,Pippo Baudo,0.8589028
Teresa Montesano,Anna Oxa,0.88818425
Teresa Montesano,Milly Carlucci,0.86099505
Teresa Montesano,Johnny Dorelli,0.8256627
Teresa Montesano,Steno,0.86471546
Terry W. Virts,Terry Virts,0.9624628
Tesla,Elon Musk,0.8041326
Thomas Mann,Thomas Mann,0.99999994
Thomas Mann,Thomas Mann (attore),0.92435545
Thomas Mann,Golo Mann,0.86170745
Thomas Mann,Heinrich Mann,0.95776224
Thomas Mann,Klaus Mann,0.94236845
Thomas Mann,Luigi Antonio di Borbone-Condé,0.8487464
Tom Green,Tom Green (attore 1971),0.8888413
Tom Green,Tom Green (cestista),0.8995931
Tom Green,Thom Green,0.93495256
Tom Green,Drew Barrymore,0.86758614
Tom Green,Steve-O,0.87742674
Tom Green,Tom Jones (cantante),0.883215
Toni,Luca Toni,0.9350099
Toni,Toni Servillo,0.90908146
Toni,Toni Kroos,0.9342474
Toni,Toni Martínez,0.9353187
Toni,Toni Kukoč,0.86943704
Toni,Toni Collette,0.9400119
Toni,Toni Morrison,0.8832344
Toni,Toni Garrn,0.8582411
Toni,Toni Negri,0.9307622
Trudeau,Justin Trudeau,0.93081546
Trudeau,Pierre Trudeau,0.9582042
Trudeau,Sophie Grégoire Trudeau,0.89417803
Trudeau,Garry Trudeau,0.93205214
Trump,Donald Trump,0.9498447
Trump,Ivana Trump,0.9274888
Trump,Ivanka Trump,0.8725817
Trump,Fred Trump,0.9271784
Trump,Tiffany Trump,0.9161577
Trump,Eric Trump,0.9255725
Trump,Donald Trump Jr.,0.90626574
Tsai Ing-wen.,Tsai Ing-wen,0.9924574
Tsai Ing-wen.,Lin Chuan,0.8537867
Tsai Ing-wen.,Kim Jong-un,0.84920406
Tsai Ing-wen.,Xi Jinping,0.7933991
Tsai Ing-wen.,Naruhito,0.8138573
Twitter,Elon Musk,0.7873193
Twitter,Jack Dorsey,0.8065789
Twitter,Francesca Manzini,0.8732159
Twitter,Carlo Calenda,0.8380154
Vai,Steve Vai,0.92651784
Vanden,Anthony Vanden Borre,0.9139237
Vanden,Constant Vanden Stock,0.89835805
Vanden,Paul Vanden Boeynants,0.8883684
Vanden,Andrew Vanden Heuvel,0.87680465
Varvara,Varvara,1.0
Varvara,Varvara Gračëva,0.93388164
Varvara,Varvara Mjasnikova,0.9227077
Varvara,Varvara Lepchenko,0.9191693
Varvara,Varvara Massalitinova,0.90543056
Varvara,Varvara Sergeevna Urusova,0.8721994
Varvara,Varvara Flink,0.92975616
Varvara,Varvara von Engelhardt,0.9021989
Vatti,Carlo Dossi,0.8174016
Vatti,San Galgano,0.8622357
Vatti,Giorgio Bianciardi,0.8145633
Vatti,Peter Burling,0.7921705
Vatti,Morbello Vergari,0.7866435
Veltroni,Walter Veltroni,0.94102764
Veltroni,Vittorio Veltroni,0.9334497
Veltroni,Dario Franceschini,0.8956893
Veltroni,Giovanni Alberto Agnelli,0.79287
Vergognoso,Melissa Satta,0.84416866
Vergognoso,Giorgia Meloni,0.8716128
Vergognoso,Aldo Gucci,0.8579848
Vergognoso,Pepe (calciatore),0.84275174
Vernon Coleman,Lil Durk,0.8518225
Vernon Coleman,21 Savage,0.8569128
Vernon Coleman,Juice Wrld,0.85715055
Vernon Coleman,Tyga,0.882204
Vernon Coleman,6ix9ine,0.8628427
Vernon Coleman,Vernon Reid,0.9501635
Vernon Coleman,Offset (rapper),0.76759195
Vernon Coleman,Anna Coleman Ladd,0.85011435
Vernon Coleman,Lil Pump,0.8911643
Viktor Orban,Viktor Orbán,1.0
Viktor Orban,Giorgia Meloni,0.8807579
Viktor Orban,Péter Márki-Zay,0.82463944
Vinay,Valdo Vinay,0.94833744
Vinay,Gustavo Vinay,0.96535844
Vinay,Tullio Vinay,0.9479078
Vinay,Angela Vinay,0.9433931
Vinay,Ramón Vinay,0.9622005
Vinay,Vinay Pathak,0.93537503
Vinay,Cornelio Vinay,0.9547651
Vittorio Sgarbi,Vittorio Sgarbi,0.99999994
Vittorio Sgarbi,Elisabetta Sgarbi,0.96695465
Vittorio Sgarbi,Giuseppe Sgarbi,0.9760422
Vittorio Sgarbi,Elenoire Casalegno,0.8885993
Vittorio Sgarbi,Piero Ricca,0.88304484
Vittorio Sgarbi,Vittoria Risi,0.83237505
Viviamo,Federico Rampini,0.8693315
Viviamo,A. J. Cronin,0.7796711
Viviamo,Piera Degli Esposti,0.753837
Vladimir Putin,Vladimir Putin,1.0
Vladimir Putin,Ljudmila Putina,0.8323716
Vladimir Putin,Dmitrij Medvedev,0.85693276
Vladimir Putin,Volodymyr Zelens'kyj,0.8022555
Vladimir Putin,Evgenij Prigožin,0.77672184
Vladimir Putin,Matteo Salvini,0.8959197
Vladimir Zelensky,Volodymyr Zelens'kyj,0.88737595
Vladimir Zelensky,Mikheil Saak'ashvili,0.84962475
Vladimir Zelensky,Ursula von der Leyen,0.8622353
Vladimir Zelensky,Vladimir Škljarov,0.9141668
Von  Braun,Wernher von Braun,0.8741212
Von  Braun,Elon Musk,0.8196335
Von  Braun,Eva Braun,0.94387186
Von  Braun,Georg von Braun,0.9436122
Von Braun,Wernher von Braun,0.8741212
Von Braun,Elon Musk,0.8196335
Von Braun,Eva Braun,0.94387186
Von Braun,Georg von Braun,0.9436122
Walter Ricciardi,Walter Ricciardi,0.99999994
Walter Ricciardi,Silvio Brusaferro,0.854038
Walter Ricciardi,Roberto Speranza,0.89636153
Walter Ricciardi,Daniel Ricciardo,0.8806629
Walter Ricciardi,Mario Merola,0.8832836
Wang Yi,Wang Yi,0.99999964
Warburg,Otto Heinrich Warburg,0.93731225
Warburg Bank,Olaf Scholz,0.8476255
Whitewater,Hillary Clinton,0.86788964
Whitewater,Franklin Hiram King,0.8434298
Whuan,Wallace Fortuna Dos Santos,0.77035755
Whuan,Fang Fang,0.77928567
Whuan,Zhang Zhan,0.85168236
William Burns,William Joseph Burns,0.9684388
William Burns,William Burns,1.0000001
William Burns,Robert Burns,0.9523759
William Burns,William Haydon Burns,0.9463266
William Burns,William Shakespeare,0.9253354
William Burns,Vitalij Klyčko,0.8059099
William Safire,Bill Clinton,0.8337396
Wray,Christopher Wray,0.9434949
Wray,Fay Wray,0.95565766
Wray,Alan Tudyk,0.7899113
Wray,Tera Wray,0.9437789
Wray,Link Wray,0.9493369
Wray,Randall Wray,0.95871735
Yair Lapid,Yair Lapid,1.0
Yair Lapid,Benjamin Netanyahu,0.7606002
Yair Lapid,Naftali Bennett,0.80279434
Youngkin,Glenn Youngkin,0.95820487
Youngkin,Peter Lorre,0.8201523
Youngkin,Thomas Jefferson,0.86133957
Youngkin,William Evelyn Cameron,0.8245274
Youngkin,Thomas Mann Randolph Junior,0.84144306
Youngkin,John Floyd,0.86004496
Youngkin,James Lawson Kemper,0.83645403
Youngkin,"Thomas West, III barone De La Warr",0.8194169
Yuri Gagarin,Jurij Gagarin,0.8933656
Yuri Gagarin,Roberto Ferrari (conduttore),0.8321037
Yuri Gagarin,Jorit,0.87259555
Zaia,Luca Zaia,0.9492637
Zaia,Manuela Lanzarin,0.84339726
Zaia,Gianluca Forcolin,0.8222791
Zaia,Giancarlo Galan,0.8916768
Zan,Alessandro Zan,0.9205034
Zan,Adriano De Zan,0.8634526
Zan,Davide De Zan,0.8753775
Zan,Žan Majer,0.8684415
Zan,Žan Celar,0.8820142
Zan,Žan Kranjec,0.8322743
Zan,Žan Žužek,0.8536259
Zelensky,Volodymyr Zelens'kyj,0.8888029
Zelensky,Dario Nardella,0.8102726
Zelensky,Luca Bizzarri,0.82684404
Zingaretti,Nicola Zingaretti,0.933423
Zingaretti,Luca Zingaretti,0.93400353
Zingaretti,Valentina Cuppi,0.83622503
Zingaretti,Luisa Ranieri,0.87765205
Zuckerberg,Mark Zuckerberg,0.95238614
Zuckerberg,Eduardo Saverin,0.8450023
Zuckerberg,Dustin Moskovitz,0.8073224
Zuckerberg,Max Minghella,0.80202043
_ __Messaggero__,Francesca Fagnani,0.7166317
_ __Messaggero__,Alessandro Perrone,0.76030016
"_""Boosters",Rodney White,0.8432294
"_""Boosters",Rajko Toroman,0.80952036
"__""

📝 ""Ci",Massimo Coda,0.7658723
"__""

📝 ""Ci",Domenico Criscito,0.78850985
"__""

📝 ""Ci",Denis Čeryšev,0.7661915
avver,Denise Tantucci,0.7807078
avver,Giulia De Lellis,0.7853001
avver,Gaetano Castrovilli,0.7634206
avver,Sócrates,0.93778515
banca Warburg,Guido Maria Brera,0.7757597
cmq,Cmqmartina,0.9271983
cmq,Osvaldo Farrés,0.8021621
coincidence but,The Notorious B.I.G.,0.7997272
coincidence but,Ann Dunham,0.82858574
coincidence but,Pola Rise,0.83278525
giorgio Agamben,Giorgio Agamben,0.9999997
giorgio Agamben,Walter Benjamin,0.8277471
giorgio Agamben,Giorgio Manganelli,0.8574277
giorgio Agamben,Ginevra Bompiani,0.7831016
hitler,Adolf Hitler,0.95508116
hitler,Alois Hitler,0.8251189
hitler,Angela Hitler,0.93536407
hitler,Eva Braun,0.8835833
hitler,Paula Hitler,0.9367296
hospitalised Covid-19,Giuseppe De Donno,0.7894197
hospitalised Covid-19,Gerwyn Price,0.85610116
jn po,Joe Sentieri,0.8463334
jn po,Luciano Tajoli,0.8257878
jn po,Enzo Tortora,0.80232733
mussolini,Benito Mussolini,0.945175
mussolini,Alessandra Mussolini,0.9282749
mussolini,Romano Mussolini,0.9298136
mussolini,Vittorio Mussolini,0.9249059
mussolini,Bruno Mussolini,0.9168514
mussolini,Arnaldo Mussolini,0.92630327
mè,Elvis Presley,0.84989023
mè,Cheb Hasni,0.77918315
"mè gradito

",Jerry Calà,0.8534803
"mè gradito

",Gina Lollobrigida,0.81873477
"mè gradito

",Carmen Di Pietro,0.7863277
"mè gradito

",Banksy,0.8736094
"mè gradito

",Lucio Battisti,0.8266792
"mè gradito

",Maria Antonietta d'Asburgo-Lorena,0.7980561
"mè gradito

",Kristen Stewart,0.8214177
"mè gradito

",Gaio Giulio Cesare,0.76162815
questI,Giulio Questi,0.9226566
rump,Kelly Madison,0.836229
sentinel 5p,Janet Leigh,0.8464706
sieri covid,Luc Montagnier,0.7717148
sieri covid,Aarón Padilla Gutiérrez,0.7917242
stephan,Stephan El Shaarawy,0.903407
stephan,Stephan Lichtsteiner,0.94457364
stephan,Stephan Winkelmann,0.7941575
stephan,Stephan Eberharter,0.83106947
stephan,Stephan Beckenbauer,0.9509113
stephan,Stephan Bonnar,0.89102906
stephan,Stephan Bibrowski,0.8832655
stephan,Joscho Stephan,0.8716005
volantino,Alphonse Juin,0.76135004
youtube,Shay Carl,0.8900602
youtube,Sandra Lee,0.7716468
​Ma,Ma Rainey,0.89178723
​Ma,Ma Huateng,0.87944263
​Ma,Ma Long,0.9521306
​Perché Renzi,Matteo Renzi,0.9056284
​Perché Renzi,Andrea Renzi (attore),0.8508622
​Perché Renzi,Lorenzo Renzi (attore),0.8457055
– Guida,Gloria Guida,0.9201365
– Guida,Marco Guida,0.9073461
‼️,Rosalía (cantante),0.8895239
❗️Allora,Céline Dion,0.77966005
❗️Quindi,Leonardo Bonucci,0.8166845
❗️Quindi,Céline Dion,0.77966005
❗️Quindi,Grey DeLisle,0.8113177
"🌺🌺🌺

",Paula Morales,0.86143476
"👀 
",Bobby Portis,0.821206
"👀 
",Jarrett Jack,0.83244014
